Record,Date,UTC Time,STALL1,STALL1,STALL1 DIG,DUKE,DUKE,DUKE DIG
         1, 7/27/2012, 2:34:08,   1.015073E+01,   0:00:05.000,  9226,   0.000000E+00,   0:00:03.113,    18
         2, 7/27/2012, 2:34:13,   1.008472E+01,   0:00:10.039,  9166,   0.000000E+00,   0:00:03.113,    21
         3, 7/27/2012, 2:34:19,   1.005171E+01,   0:00:15.081,  9136,   0.000000E+00,   0:00:03.113,    21
         4, 7/27/2012, 2:34:24,   8.081197E+00,   0:00:20.137,  7333,   0.000000E+00,   0:00:03.113,    22
         5, 7/27/2012, 2:34:29,   8.449775E+00,   0:00:25.175,  7680,   0.000000E+00,   0:00:03.113,    23
         6, 7/27/2012, 2:34:34,   5.174387E+00,   0:00:30.226,  4703,   5.832601E-01,   0:00:03.174,   536
         7, 7/27/2012, 2:34:39,   4.181978E+00,   0:00:35.263,  3801,   0.000000E+00,   0:00:03.513,    23
         8, 7/27/2012, 2:34:44,   4.235889E+00,   0:00:40.302,  3850,   0.000000E+00,   0:00:03.513,    26
         9, 7/27/2012, 2:34:49,   4.164374E+00,   0:00:45.342,  3785,   0.000000E+00,   0:00:03.513,    25
        10, 7/27/2012, 2:34:54,   4.150072E+00,   0:00:50.390,  3772,   0.000000E+00,   0:00:03.513,    20
        11, 7/27/2012, 2:35:28,   5.807020E+00,   0:00:57.407,  5277,   0.000000E+00,   0:00:04.989,    38
        12, 7/27/2012, 2:35:33,   5.682693E+00,   0:01:02.454,  5165,   0.000000E+00,   0:00:04.989,    20
        13, 7/27/2012, 2:35:38,   4.457036E+00,   0:01:07.501,  4051,   0.000000E+00,   0:00:04.989,    23
        14, 7/27/2012, 2:35:43,   4.419628E+00,   0:01:12.537,  4017,   0.000000E+00,   0:00:04.989,    22
        15, 7/27/2012, 2:35:48,   2.993729E+00,   0:01:17.589,  2721,   0.000000E+00,   0:00:04.989,    23
        16, 7/27/2012, 2:35:53,   2.946419E+00,   0:01:22.625,  2678,   0.000000E+00,   0:00:04.989,    23
        17, 7/27/2012, 2:35:59,   2.990428E+00,   0:01:27.662,  2718,   0.000000E+00,   0:00:04.989,    18
        18, 7/27/2012, 2:36:04,   2.856200E+00,   0:01:32.700,  2596,   0.000000E+00,   0:00:04.989,    22
        19, 7/27/2012, 2:36:13,   4.508747E+00,   0:01:41.093,  4097,   0.000000E+00,   0:00:04.989,    17
        20, 7/27/2012, 2:36:19,   4.517549E+00,   0:01:46.152,  4106,   0.000000E+00,   0:00:04.989,    18
        21, 7/27/2012, 2:36:24,   4.513148E+00,   0:01:51.199,  4102,   0.000000E+00,   0:00:04.989,    31
        22, 7/27/2012, 2:36:29,   5.783915E+00,   0:01:56.278,  5257,   0.000000E+00,   0:00:04.989,    25
        23, 7/27/2012, 2:36:34,   5.877434E+00,   0:02:01.317,  5343,   0.000000E+00,   0:00:04.989,    26
        24, 7/27/2012, 2:36:39,   5.898338E+00,   0:02:06.354,  5361,   0.000000E+00,   0:00:04.989,    22
        25, 7/27/2012, 2:36:44,   5.925845E+00,   0:02:11.407,  5386,   0.000000E+00,   0:00:04.989,    23
        26, 7/27/2012, 2:36:49,   5.941247E+00,   0:02:16.447,  5400,   0.000000E+00,   0:00:04.989,    25
        27, 7/27/2012, 2:36:54,   6.090879E+00,   0:02:21.486,  5536,   0.000000E+00,   0:00:04.989,    21
        28, 7/27/2012, 2:36:59,   1.088899E+01,   0:02:26.535,  9897,   0.000000E+00,   0:00:04.989,    27
        29, 7/27/2012, 2:37:04,   1.092750E+01,   0:02:31.581,  9932,   0.000000E+00,   0:00:04.989,    23
        30, 7/27/2012, 2:45:56,   3.660469E+00,   0:02:41.605,  3327,   0.000000E+00,   0:00:06.758,    25
        31, 7/27/2012, 2:46:01,   1.436902E+00,   0:02:46.641,  1306,   0.000000E+00,   0:00:06.758,    23
        32, 7/27/2012, 2:46:06,   2.368797E+00,   0:02:51.678,  2152,   0.000000E+00,   0:00:06.758,    25
        33, 7/27/2012, 2:46:11,   2.950820E+00,   0:02:56.716,  2682,   0.000000E+00,   0:00:06.758,    26
        34, 7/27/2012, 2:46:51,   1.116404E+01,   0:03:07.930, 10147,   0.000000E+00,   0:00:07.812,    21
        35, 7/27/2012, 2:46:56,   1.115304E+01,   0:03:12.968, 10137,   0.000000E+00,   0:00:07.812,    23
        36, 7/27/2012, 2:47:01,   1.115194E+01,   0:03:18.019, 10136,   0.000000E+00,   0:00:07.812,    20
        37, 7/27/2012, 2:47:06,   1.116735E+01,   0:03:23.059, 10150,   0.000000E+00,   0:00:07.812,    25
        38, 7/27/2012, 2:47:11,   1.116184E+01,   0:03:28.100, 10146,   0.000000E+00,   0:00:07.812,    26
        39, 7/27/2012, 2:47:16,   1.114534E+01,   0:03:33.171, 10130,   0.000000E+00,   0:00:07.812,    20
        40, 7/27/2012, 2:47:22,   1.115194E+01,   0:03:38.206, 10136,   0.000000E+00,   0:00:07.812,    22
        41, 7/27/2012, 2:47:27,   1.114204E+01,   0:03:43.242, 10127,   0.000000E+00,   0:00:07.812,    27
        42, 7/27/2012, 2:47:32,   1.115304E+01,   0:03:48.285, 10137,   0.000000E+00,   0:00:07.812,    27
        43, 7/27/2012, 2:47:37,   1.115634E+01,   0:03:53.350, 10140,   0.000000E+00,   0:00:07.812,    25
        44, 7/27/2012, 2:47:42,   1.113654E+01,   0:03:58.407, 10122,   0.000000E+00,   0:00:07.812,    26
        45, 7/27/2012, 2:47:47,   1.116294E+01,   0:04:03.448, 10146,   0.000000E+00,   0:00:07.812,    21
        46, 7/27/2012, 2:47:52,   1.114534E+01,   0:04:08.486, 10130,   0.000000E+00,   0:00:07.812,    22
        47, 7/27/2012, 2:47:57,   1.113654E+01,   0:04:13.524, 10122,   0.000000E+00,   0:00:07.812,    21
        48, 7/27/2012, 2:48:02,   1.113764E+01,   0:04:18.571, 10123,   0.000000E+00,   0:00:07.812,    22
        49, 7/27/2012, 2:48:07,   1.114314E+01,   0:04:23.614, 10128,   0.000000E+00,   0:00:07.812,    23
        50, 7/27/2012, 2:48:12,   1.115304E+01,   0:04:28.651, 10137,   0.000000E+00,   0:00:07.812,    18
        51, 7/27/2012, 2:48:17,   1.050831E+01,   0:04:33.688,  9551,   0.000000E+00,   0:00:07.812,    26
        52, 7/27/2012, 2:48:22,   1.052921E+01,   0:04:38.733,  9570,   0.000000E+00,   0:00:07.812,    22
        53, 7/27/2012, 2:48:27,   1.050391E+01,   0:04:43.784,  9547,   0.000000E+00,   0:00:07.812,    22
        54, 7/27/2012, 2:48:32,   1.051821E+01,   0:04:48.824,  9560,   0.000000E+00,   0:00:07.812,    22
        55, 7/27/2012, 2:48:37,   1.050171E+01,   0:04:53.862,  9545,   0.000000E+00,   0:00:07.812,    22
        56, 7/27/2012, 2:48:42,   1.051491E+01,   0:04:58.901,  9557,   0.000000E+00,   0:00:07.812,    26
        57, 7/27/2012, 2:48:47,   1.051931E+01,   0:05:03.936,  9561,   0.000000E+00,   0:00:07.812,    25
        58, 7/27/2012, 2:48:52,   1.035868E+01,   0:05:08.984,  9415,   0.000000E+00,   0:00:07.812,    23
        59, 7/27/2012, 2:48:57,   1.033447E+01,   0:05:14.031,  9393,   0.000000E+00,   0:00:07.812,    21
        60, 7/27/2012, 2:49:02,   1.127737E+00,   0:05:19.078,   992,   1.340070E+00,   0:00:08.462,  1220
        61, 7/27/2012, 2:50:31,   1.114864E+01,   0:05:24.211, 10133,   0.000000E+00,   0:00:09.835,    20
        62, 7/27/2012, 2:50:36,   1.115634E+01,   0:05:29.248, 10140,   0.000000E+00,   0:00:09.835,    23
        63, 7/27/2012, 2:50:41,   1.046980E+01,   0:05:34.297,  9516,   0.000000E+00,   0:00:09.835,    22
        64, 7/27/2012, 2:50:46,   1.059523E+01,   0:05:39.361,  9630,   0.000000E+00,   0:00:09.835,    22
        65, 7/27/2012, 2:50:51,   1.059082E+01,   0:05:44.399,  9626,   0.000000E+00,   0:00:09.835,    21
        66, 7/27/2012, 2:50:56,   1.060623E+01,   0:05:49.438,  9640,   0.000000E+00,   0:00:09.835,    20
        67, 7/27/2012, 2:51:01,   1.061503E+01,   0:05:54.499,  9648,   0.000000E+00,   0:00:09.835,    22
        68, 7/27/2012, 2:51:06,   1.113544E+01,   0:05:59.542, 10121,   0.000000E+00,   0:00:10.213,    21
        69, 7/27/2012, 2:51:11,   1.115084E+01,   0:06:04.581, 10135,   0.000000E+00,   0:00:10.213,    23
        70, 7/27/2012, 2:51:16,   1.114314E+01,   0:06:09.620, 10127,   0.000000E+00,   0:00:10.213,    23
        71, 7/27/2012, 2:51:22,   1.061723E+01,   0:06:14.655,  9651,   0.000000E+00,   0:00:10.213,    20
        72, 7/27/2012, 2:51:27,   1.060403E+01,   0:06:19.703,  9638,   0.000000E+00,   0:00:10.213,    22
        73, 7/27/2012, 2:51:32,   1.114204E+01,   0:06:24.741, 10127,   0.000000E+00,   0:00:10.702,    20
        74, 7/27/2012, 2:51:37,   1.113434E+01,   0:06:29.782, 10120,   0.000000E+00,   0:00:10.702,    25
        75, 7/27/2012, 2:51:42,   1.111563E+01,   0:06:34.822, 10103,   0.000000E+00,   0:00:10.702,    20
        76, 7/27/2012, 2:51:47,   1.077456E+01,   0:06:39.871,  9790,   0.000000E+00,   0:00:10.702,    23
        77, 7/27/2012, 2:51:52,   1.066454E+01,   0:06:44.920,  9695,   0.000000E+00,   0:00:10.702,    22
        78, 7/27/2012, 2:52:14,   1.061943E+01,   0:06:52.719,  9652,   0.000000E+00,   0:00:12.061,    22
        79, 7/27/2012, 2:52:19,   1.060623E+01,   0:06:57.762,  9640,   0.000000E+00,   0:00:12.061,    26
        80, 7/27/2012, 2:52:24,   1.216856E+00,   0:07:02.800,  1071,   1.276362E+00,   0:00:12.560,  1162
        81, 7/27/2012, 2:56:20,   9.287050E+00,   0:07:07.948,  8441,   0.000000E+00,   0:00:14.582,    23
        82, 7/27/2012, 2:56:25,   8.944879E+00,   0:07:12.990,  8131,   0.000000E+00,   0:00:14.582,    25
        83, 7/27/2012, 2:56:30,   9.091208E+00,   0:07:18.031,  8263,   0.000000E+00,   0:00:14.582,    21
        84, 7/27/2012, 2:56:35,   2.109143E+00,   0:07:23.078,  1917,   9.896749E-01,   0:00:14.938,   901
        85, 7/27/2012, 2:57:44,   9.859170E+00,   0:07:28.331,  8965,   0.000000E+00,   0:00:16.113,   215
        86, 7/27/2012, 2:57:49,   9.662229E+00,   0:07:33.377,  8782,   0.000000E+00,   0:00:16.113,    23
        87, 7/27/2012, 3:18:07,   1.010672E+01,   0:07:39.378,  9186,   0.000000E+00,   0:00:18.240,    26
        88, 7/27/2012, 3:18:12,   1.003411E+01,   0:07:44.420,  9120,   0.000000E+00,   0:00:18.240,    18
        89, 7/27/2012, 3:18:17,   9.986797E+00,   0:07:49.461,  9077,   0.000000E+00,   0:00:18.240,    17
        90, 7/27/2012, 3:18:22,   9.943889E+00,   0:07:54.503,  9038,   0.000000E+00,   0:00:18.240,    16
        91, 7/27/2012, 3:18:27,   9.930686E+00,   0:07:59.564,  9026,   0.000000E+00,   0:00:18.240,    20
        92, 7/27/2012, 3:18:32,   9.927385E+00,   0:08:04.607,  9023,   0.000000E+00,   0:00:18.240,    25
        93, 7/27/2012, 3:18:37,   9.924084E+00,   0:08:09.648,  9020,   0.000000E+00,   0:00:18.240,    15
        94, 7/27/2012, 3:18:42,   9.927385E+00,   0:08:14.687,  9023,   0.000000E+00,   0:00:18.240,    25
        95, 7/27/2012, 3:19:54,   3.037738E+00,   0:08:21.610,  2761,   0.000000E+00,   0:00:19.447,    23
        96, 7/27/2012, 3:19:59,   5.674992E+00,   0:08:26.663,  5108,   1.133568E+00,   0:00:19.717,  1032
        97, 7/27/2012, 3:29:52,   1.054241E+01,   0:08:32.232,  9582,   0.000000E+00,   0:00:22.137,    23
        98, 7/27/2012, 3:29:57,   1.049290E+01,   0:08:37.272,  9537,   0.000000E+00,   0:00:22.137,    21
        99, 7/27/2012, 3:30:02,   1.051601E+01,   0:08:42.318,  9558,   0.000000E+00,   0:00:22.137,    23
       100, 7/27/2012, 3:30:07,   0.000000E+00,   0:08:47.218,   178,   6.162127E-01,   0:00:22.981,   561
       101, 7/27/2012, 3:38:52,   1.123006E+01,   0:08:52.219, 10207,   0.000000E+00,   0:00:24.153,    35
       102, 7/27/2012, 3:38:57,   1.121245E+01,   0:08:57.262, 10191,   0.000000E+00,   0:00:24.153,    20
       103, 7/27/2012, 3:39:02,   1.119045E+01,   0:09:02.300, 10171,   0.000000E+00,   0:00:24.153,    23
       104, 7/27/2012, 3:39:07,   1.120255E+01,   0:09:07.340, 10182,   0.000000E+00,   0:00:24.153,    27
       105, 7/27/2012, 3:39:12,   1.119485E+01,   0:09:12.391, 10175,   0.000000E+00,   0:00:24.153,    23
       106, 7/27/2012, 3:39:17,   1.121136E+01,   0:09:17.454, 10190,   0.000000E+00,   0:00:24.153,    21
       107, 7/27/2012, 3:39:22,   1.120805E+01,   0:09:22.496, 10186,   0.000000E+00,   0:00:24.153,    18
       108, 7/27/2012, 3:39:27,   1.120805E+01,   0:09:27.538, 10187,   0.000000E+00,   0:00:24.153,    23
       109, 7/27/2012, 3:39:32,   4.596766E+00,   0:09:32.581,  4088,   9.007030E-01,   0:00:24.446,   830
       110, 7/27/2012, 3:42:39,   1.026295E+01,   0:09:45.662,  9328,   0.000000E+00,   0:00:27.223,    25
       111, 7/27/2012, 3:42:44,   1.021785E+01,   0:09:50.704,  9287,   0.000000E+00,   0:00:27.223,    23
       112, 7/27/2012, 3:42:49,   1.021344E+01,   0:09:55.746,  9285,   0.000000E+00,   0:00:27.223,    23
       113, 7/27/2012, 3:42:54,   1.021895E+01,   0:10:00.787,  9288,   0.000000E+00,   0:00:27.223,    26
       114, 7/27/2012, 3:42:59,   1.021344E+01,   0:10:05.829,  9283,   0.000000E+00,   0:00:27.223,    25
       115, 7/27/2012, 3:43:14,   8.117504E+00,   0:10:14.734,  7378,   0.000000E+00,   0:00:29.731,    25
       116, 7/27/2012, 3:43:20,   4.106062E+00,   0:10:19.777,  3672,   7.875659E-01,   0:00:30.266,   718
       117, 7/27/2012, 3:54:07,   9.572010E+00,   0:10:25.230,  8700,   0.000000E+00,   0:00:32.305,    20
       118, 7/27/2012, 3:54:12,   9.507096E+00,   0:10:30.270,  8641,   0.000000E+00,   0:00:32.305,    20
       119, 7/27/2012, 3:54:17,   9.507096E+00,   0:10:35.321,  8641,   0.000000E+00,   0:00:32.305,    20
       120, 7/27/2012, 3:54:22,   9.501595E+00,   0:10:40.364,  8636,   0.000000E+00,   0:00:32.305,    21
       121, 7/27/2012, 3:54:27,   9.494994E+00,   0:10:45.402,  8631,   0.000000E+00,   0:00:32.305,    13
       122, 7/27/2012, 3:54:32,   9.479591E+00,   0:10:50.444,  8616,   0.000000E+00,   0:00:32.305,    21
       123, 7/27/2012, 3:55:51,   1.084608E+01,   0:10:56.612,  9858,   0.000000E+00,   0:00:34.100,    20
       124, 7/27/2012, 3:55:56,   1.081637E+01,   0:11:01.664,  9832,   0.000000E+00,   0:00:34.100,    25
       125, 7/27/2012, 3:56:01,   1.080427E+01,   0:11:06.706,  9820,   0.000000E+00,   0:00:34.100,    28
       126, 7/27/2012, 3:56:06,   1.080757E+01,   0:11:11.752,  9823,   0.000000E+00,   0:00:34.100,    23
       127, 7/27/2012, 3:56:11,   1.079657E+01,   0:11:16.819,  9813,   0.000000E+00,   0:00:34.100,    22
       128, 7/27/2012, 4:16:54,   1.088899E+01,   0:11:25.361,  9897,   0.000000E+00,   0:00:36.837,    23
       129, 7/27/2012, 4:16:59,   1.096710E+01,   0:11:30.410,  9968,   0.000000E+00,   0:00:36.837,    21
       130, 7/27/2012, 4:17:04,   1.095500E+01,   0:11:35.448,  9957,   0.000000E+00,   0:00:36.837,    25
       131, 7/27/2012, 4:17:09,   1.104302E+01,   0:11:40.493, 10036,   0.000000E+00,   0:00:36.837,    22
       132, 7/27/2012, 4:17:14,   1.101991E+01,   0:11:45.538, 10016,   0.000000E+00,   0:00:36.837,    22
       133, 7/27/2012, 4:17:19,   1.091099E+01,   0:11:50.579,  9916,   0.000000E+00,   0:00:36.837,    20
       134, 7/27/2012, 4:17:24,   9.332160E+00,   0:11:55.631,  8482,   0.000000E+00,   0:00:36.837,    23
       135, 7/27/2012, 4:17:29,   8.280338E+00,   0:12:00.671,  7526,   0.000000E+00,   0:00:36.837,    22
       136, 7/27/2012, 4:17:34,   8.429970E+00,   0:12:05.710,  7662,   0.000000E+00,   0:00:36.837,    26
       137, 7/27/2012, 4:17:39,   8.446474E+00,   0:12:10.757,  7677,   0.000000E+00,   0:00:36.837,    22
       138, 7/27/2012, 4:17:44,   8.442073E+00,   0:12:15.806,  7673,   0.000000E+00,   0:00:36.837,    21
       139, 7/27/2012, 4:17:49,   8.450874E+00,   0:12:20.848,  7681,   0.000000E+00,   0:00:36.837,    31
       140, 7/27/2012, 4:32:42,   1.015733E+01,   0:12:29.793,  9233,   0.000000E+00,   0:00:41.261,    25
       141, 7/27/2012, 4:32:47,   1.016613E+01,   0:12:34.831,  9240,   0.000000E+00,   0:00:41.261,    22
       142, 7/27/2012, 4:32:52,   1.017934E+01,   0:12:39.873,  9252,   0.000000E+00,   0:00:41.261,    21
       143, 7/27/2012, 4:32:57,   1.016173E+01,   0:12:44.924,  9236,   0.000000E+00,   0:00:41.261,    23
       144, 7/27/2012, 4:33:02,   1.016724E+01,   0:12:49.965,  9241,   0.000000E+00,   0:00:41.261,    25
       145, 7/27/2012, 4:33:07,   1.016063E+01,   0:12:55.004,  9235,   0.000000E+00,   0:00:41.261,    17
       146, 7/27/2012, 4:33:13,   1.016393E+01,   0:13:00.046,  9238,   0.000000E+00,   0:00:41.261,    22
       147, 7/27/2012, 4:33:18,   1.017824E+01,   0:13:05.094,  9251,   0.000000E+00,   0:00:41.261,    22
       148, 7/27/2012, 4:33:23,   1.018374E+01,   0:13:10.174,  9257,   0.000000E+00,   0:00:41.261,    12
       149, 7/27/2012, 4:33:28,   1.016393E+01,   0:13:15.212,  9238,   0.000000E+00,   0:00:41.261,    18
       150, 7/27/2012, 4:33:33,   1.017934E+01,   0:13:20.257,  9253,   0.000000E+00,   0:00:41.261,    16
       151, 7/27/2012, 4:33:38,   1.016173E+01,   0:13:25.296,  9236,   0.000000E+00,   0:00:41.261,    27
       152, 7/27/2012, 4:33:43,   1.016724E+01,   0:13:30.333,  9241,   0.000000E+00,   0:00:41.261,    20
       153, 7/27/2012, 4:33:48,   1.016283E+01,   0:13:35.391,  9237,   0.000000E+00,   0:00:41.261,    20
       154, 7/27/2012, 4:33:53,   1.016724E+01,   0:13:40.447,  9241,   0.000000E+00,   0:00:41.261,    25
       155, 7/27/2012, 4:33:58,   1.017164E+01,   0:13:45.496,  9245,   0.000000E+00,   0:00:41.261,    21
       156, 7/27/2012, 4:34:03,   1.016393E+01,   0:13:50.538,  9238,   0.000000E+00,   0:00:41.261,    26
       157, 7/27/2012, 4:34:08,   1.018484E+01,   0:13:55.589,  9257,   0.000000E+00,   0:00:41.261,    27
       158, 7/27/2012, 4:34:13,   1.016613E+01,   0:14:00.629,  9240,   0.000000E+00,   0:00:41.261,    20
       159, 7/27/2012, 4:34:18,   1.015513E+01,   0:14:05.671,  9230,   0.000000E+00,   0:00:41.261,    27
       160, 7/27/2012, 4:34:23,   1.015623E+01,   0:14:10.711,  9231,   0.000000E+00,   0:00:41.261,    25
       161, 7/27/2012, 4:34:28,   1.017714E+01,   0:14:15.751,  9250,   0.000000E+00,   0:00:41.261,    22
       162, 7/27/2012, 4:34:33,   1.016173E+01,   0:14:20.797,  9236,   0.000000E+00,   0:00:41.261,    22
       163, 7/27/2012, 4:34:38,   1.016613E+01,   0:14:25.846,  9240,   0.000000E+00,   0:00:41.261,    16
       164, 7/27/2012, 4:34:43,   1.016393E+01,   0:14:30.888,  9238,   0.000000E+00,   0:00:41.261,    25
       165, 7/27/2012, 4:34:48,   1.018374E+01,   0:14:35.927,  9256,   0.000000E+00,   0:00:41.261,    25
       166, 7/27/2012, 4:34:53,   1.016834E+01,   0:14:40.967,  9242,   0.000000E+00,   0:00:41.261,    23
       167, 7/27/2012, 4:34:58,   1.017274E+01,   0:14:46.020,  9246,   0.000000E+00,   0:00:41.261,    23
       168, 7/27/2012, 4:35:04,   1.016724E+01,   0:14:51.062,  9242,   0.000000E+00,   0:00:41.261,    26
       169, 7/27/2012, 4:35:09,   1.017164E+01,   0:14:56.127,  9245,   0.000000E+00,   0:00:41.261,    23
       170, 7/27/2012, 4:35:14,   1.015073E+01,   0:15:01.166,  9226,   0.000000E+00,   0:00:41.261,    26
       171, 7/27/2012, 4:35:19,   1.014523E+01,   0:15:06.217,  9220,   0.000000E+00,   0:00:41.261,    25
       172, 7/27/2012, 4:35:24,   1.014743E+01,   0:15:11.268,  9223,   0.000000E+00,   0:00:41.261,    25
       173, 7/27/2012, 4:35:29,   1.015183E+01,   0:15:16.307,  9227,   0.000000E+00,   0:00:41.261,    25
       174, 7/27/2012, 4:35:34,   1.014633E+01,   0:15:21.349,  9222,   0.000000E+00,   0:00:41.261,    27
       175, 7/27/2012, 4:35:39,   1.014523E+01,   0:15:26.392,  9221,   0.000000E+00,   0:00:41.261,    28
       176, 7/27/2012, 4:35:44,   1.013973E+01,   0:15:31.437,  9216,   0.000000E+00,   0:00:41.261,    27
       177, 7/27/2012, 4:35:49,   1.014633E+01,   0:15:36.480,  9222,   0.000000E+00,   0:00:41.261,    23
       178, 7/27/2012, 4:35:54,   1.014743E+01,   0:15:41.518,  9223,   0.000000E+00,   0:00:41.261,    26
       179, 7/27/2012, 4:35:59,   1.013643E+01,   0:15:46.565,  9213,   0.000000E+00,   0:00:41.261,    21
       180, 7/27/2012, 4:36:04,   1.014743E+01,   0:15:51.607,  9225,   0.000000E+00,   0:00:41.261,    26
       181, 7/27/2012, 4:36:09,   1.015293E+01,   0:15:56.689,  9228,   0.000000E+00,   0:00:41.261,    23
       182, 7/27/2012, 4:36:14,   1.015733E+01,   0:16:01.727,  9231,   0.000000E+00,   0:00:41.261,    25
       183, 7/27/2012, 4:36:19,   1.013863E+01,   0:16:06.765,  9215,   0.000000E+00,   0:00:41.261,    22
       184, 7/27/2012, 4:36:24,   1.016393E+01,   0:16:11.803,  9238,   0.000000E+00,   0:00:41.261,    23
       185, 7/27/2012, 4:36:29,   1.015183E+01,   0:16:16.845,  9227,   0.000000E+00,   0:00:41.261,    26
       186, 7/27/2012, 4:36:34,   1.015073E+01,   0:16:21.898,  9226,   0.000000E+00,   0:00:41.261,    23
       187, 7/27/2012, 4:36:39,   1.014413E+01,   0:16:26.945,  9220,   0.000000E+00,   0:00:41.261,    22
       188, 7/27/2012, 4:36:44,   1.014083E+01,   0:16:31.983,  9216,   0.000000E+00,   0:00:41.261,    20
       189, 7/27/2012, 4:36:49,   1.014523E+01,   0:16:37.018,  9222,   0.000000E+00,   0:00:41.261,    22
       190, 7/27/2012, 4:36:55,   1.014193E+01,   0:16:42.092,  9218,   0.000000E+00,   0:00:41.261,    18
       191, 7/27/2012, 4:37:00,   1.014413E+01,   0:16:47.142,  9220,   0.000000E+00,   0:00:41.261,    22
       192, 7/27/2012, 4:37:05,   1.013093E+01,   0:16:52.181,  9208,   0.000000E+00,   0:00:41.261,    20
       193, 7/27/2012, 4:37:10,   1.013313E+01,   0:16:57.223,  9210,   0.000000E+00,   0:00:41.261,    26
       194, 7/27/2012, 4:37:15,   1.014083E+01,   0:17:02.260,  9217,   0.000000E+00,   0:00:41.261,    22
       195, 7/27/2012, 4:37:20,   1.013313E+01,   0:17:07.314,  9210,   0.000000E+00,   0:00:41.261,    22
       196, 7/27/2012, 4:37:25,   1.011882E+01,   0:17:12.350,  9197,   0.000000E+00,   0:00:41.261,    23
       197, 7/27/2012, 4:37:30,   1.013313E+01,   0:17:17.391,  9210,   0.000000E+00,   0:00:41.261,    20
       198, 7/27/2012, 4:37:35,   1.013973E+01,   0:17:22.430,  9216,   0.000000E+00,   0:00:41.261,    23
       199, 7/27/2012, 4:37:40,   1.012323E+01,   0:17:27.469,  9201,   0.000000E+00,   0:00:41.261,    22
       200, 7/27/2012, 4:37:45,   1.010562E+01,   0:17:32.516,  9185,   0.000000E+00,   0:00:41.261,    22
       201, 7/27/2012, 4:37:50,   1.011332E+01,   0:17:37.552,  9192,   0.000000E+00,   0:00:41.261,    22
       202, 7/27/2012, 4:37:55,   1.011882E+01,   0:17:42.592,  9197,   0.000000E+00,   0:00:41.261,    23
       203, 7/27/2012, 4:38:00,   1.010782E+01,   0:17:47.641,  9187,   0.000000E+00,   0:00:41.261,    25
       204, 7/27/2012, 4:38:05,   1.010782E+01,   0:17:52.682,  9187,   0.000000E+00,   0:00:41.261,    23
       205, 7/27/2012, 4:38:10,   1.011112E+01,   0:17:57.738,  9190,   0.000000E+00,   0:00:41.261,    21
       206, 7/27/2012, 4:38:15,   1.011332E+01,   0:18:02.756,  9192,   0.000000E+00,   0:00:41.261,    26
       207, 7/27/2012, 4:38:20,   1.011332E+01,   0:18:07.777,  9192,   0.000000E+00,   0:00:41.261,    20
       208, 7/27/2012, 4:38:25,   1.012323E+01,   0:18:12.795,  9201,   0.000000E+00,   0:00:41.261,    25
       209, 7/27/2012, 4:38:30,   1.011442E+01,   0:18:17.820,  9193,   0.000000E+00,   0:00:41.261,    22
       210, 7/27/2012, 4:38:35,   1.011882E+01,   0:18:22.840,  9196,   0.000000E+00,   0:00:41.261,    22
       211, 7/27/2012, 4:38:40,   1.010562E+01,   0:18:27.896,  9185,   0.000000E+00,   0:00:41.261,    20
       212, 7/27/2012, 4:38:45,   1.011882E+01,   0:18:32.914,  9197,   0.000000E+00,   0:00:41.261,    28
       213, 7/27/2012, 4:38:50,   1.012323E+01,   0:18:37.933,  9201,   0.000000E+00,   0:00:41.261,    21
       214, 7/27/2012, 4:38:55,   1.011222E+01,   0:18:42.962,  9191,   0.000000E+00,   0:00:41.261,    25
       215, 7/27/2012, 4:39:00,   1.010672E+01,   0:18:47.981,  9186,   0.000000E+00,   0:00:41.261,    23
       216, 7/27/2012, 4:39:05,   1.011662E+01,   0:18:52.999,  9195,   0.000000E+00,   0:00:41.261,    21
       217, 7/27/2012, 4:39:10,   1.010672E+01,   0:18:58.017,  9186,   0.000000E+00,   0:00:41.261,    22
       218, 7/27/2012, 4:39:16,   1.010012E+01,   0:19:03.035,  9180,   0.000000E+00,   0:00:41.261,    26
       219, 7/27/2012, 4:39:21,   1.010232E+01,   0:19:08.060,  9182,   0.000000E+00,   0:00:41.261,    25
       220, 7/27/2012, 4:39:26,   1.011112E+01,   0:19:13.078,  9190,   0.000000E+00,   0:00:41.261,    25
       221, 7/27/2012, 4:39:31,   1.009022E+01,   0:19:18.096,  9171,   0.000000E+00,   0:00:41.261,    22
       222, 7/27/2012, 4:39:36,   1.010562E+01,   0:19:23.115,  9185,   0.000000E+00,   0:00:41.261,    25
       223, 7/27/2012, 4:39:41,   1.011222E+01,   0:19:28.132,  9191,   0.000000E+00,   0:00:41.261,    26
       224, 7/27/2012, 4:39:46,   1.010122E+01,   0:19:33.162,  9181,   0.000000E+00,   0:00:41.261,    26
       225, 7/27/2012, 4:39:51,   1.011332E+01,   0:19:38.181,  9191,   0.000000E+00,   0:00:41.261,    20
       226, 7/27/2012, 4:39:56,   2.225767E+00,   0:19:43.199,  2023,   1.016037E+00,   0:00:41.853,   923
       227, 7/27/2012, 4:40:41,   1.090659E+01,   0:19:48.493,  9913,   0.000000E+00,   0:00:43.414,    25
       228, 7/27/2012, 4:40:46,   1.089559E+01,   0:19:53.526,  9903,   0.000000E+00,   0:00:43.414,    23
       229, 7/27/2012, 4:40:51,   1.089559E+01,   0:19:58.544,  9903,   0.000000E+00,   0:00:43.414,    26
       230, 7/27/2012, 4:40:56,   1.088128E+01,   0:20:03.559,  9890,   0.000000E+00,   0:00:43.414,    23
       231, 7/27/2012, 4:41:01,   1.020464E+01,   0:20:08.577,  9257,   0.000000E+00,   0:00:43.414,    27
       232, 7/27/2012, 4:47:54,   1.006821E+01,   0:20:14.727,  9151,   0.000000E+00,   0:00:46.127,    23
       233, 7/27/2012, 4:48:00,   1.004071E+01,   0:20:19.755,  9126,   0.000000E+00,   0:00:46.127,    22
       234, 7/27/2012, 4:48:05,   1.001760E+01,   0:20:24.771,  9105,   0.000000E+00,   0:00:46.127,    21
       235, 7/27/2012, 4:48:10,   1.005061E+01,   0:20:29.788,  9135,   0.000000E+00,   0:00:46.127,    25
       236, 7/27/2012, 4:48:15,   1.004181E+01,   0:20:34.808,  9127,   0.000000E+00,   0:00:46.127,    13
       237, 7/27/2012, 4:48:20,   1.004511E+01,   0:20:39.827,  9130,   0.000000E+00,   0:00:46.127,    21
       238, 7/27/2012, 4:48:25,   1.003411E+01,   0:20:44.854,  9120,   0.000000E+00,   0:00:46.127,    27
       239, 7/27/2012, 4:48:30,   1.002861E+01,   0:20:49.872,  9115,   0.000000E+00,   0:00:46.127,    26
       240, 7/27/2012, 4:48:35,   1.004181E+01,   0:20:54.889,  9127,   0.000000E+00,   0:00:46.127,    26
       241, 7/27/2012, 4:48:40,   9.085708E+00,   0:20:59.904,  8258,   0.000000E+00,   0:00:46.127,   138
       242, 7/27/2012, 4:51:26,   8.750137E+00,   0:21:05.814,  7953,   0.000000E+00,   0:00:47.043,    23
       243, 7/27/2012, 4:53:35,   9.766751E+00,   0:21:14.753,  8877,   0.000000E+00,   0:00:48.723,    22
       244, 7/27/2012, 4:53:40,   9.771152E+00,   0:21:19.773,  8881,   0.000000E+00,   0:00:48.723,    21
       245, 7/27/2012, 4:53:45,   9.904281E+00,   0:21:24.791,  9002,   0.000000E+00,   0:00:48.723,    21
       246, 7/27/2012, 4:53:50,   9.888876E+00,   0:21:29.811,  8988,   0.000000E+00,   0:00:48.723,    17
       247, 7/27/2012, 4:53:55,   9.876774E+00,   0:21:34.859,  8977,   0.000000E+00,   0:00:48.723,    16
       248, 7/27/2012, 4:54:00,   9.881175E+00,   0:21:39.898,  8981,   0.000000E+00,   0:00:48.723,    22
       249, 7/27/2012, 4:54:05,   9.885576E+00,   0:21:44.934,  8985,   0.000000E+00,   0:00:48.723,    18
       250, 7/27/2012, 4:54:10,   9.819562E+00,   0:21:49.977,  8925,   0.000000E+00,   0:00:48.723,    -7
       251, 7/27/2012, 4:54:15,   9.887776E+00,   0:21:55.016,  8988,   0.000000E+00,   0:00:48.723,    31
       252, 7/27/2012, 4:54:20,   9.491693E+00,   0:22:00.069,  8627,   0.000000E+00,   0:00:48.723,     7
       253, 7/27/2012, 4:54:25,   9.533503E+00,   0:22:05.147,  8665,   0.000000E+00,   0:00:48.723,    22
       254, 7/27/2012, 4:54:30,   9.535703E+00,   0:22:10.194,  8666,   0.000000E+00,   0:00:48.723,    23
       255, 7/27/2012, 4:54:35,   9.161624E+00,   0:22:15.236,  8327,   0.000000E+00,   0:00:48.723,    22
       256, 7/27/2012, 4:56:19,   1.006931E+01,   0:22:21.357,  9152,   0.000000E+00,   0:00:49.774,    20
       257, 7/27/2012, 4:56:25,   1.006931E+01,   0:22:26.407,  9152,   0.000000E+00,   0:00:49.774,    23
       258, 7/27/2012, 4:56:30,   1.010782E+01,   0:22:31.445,  9187,   0.000000E+00,   0:00:49.774,    23
       259, 7/27/2012, 4:56:35,   1.014413E+01,   0:22:36.485,  9220,   0.000000E+00,   0:00:49.774,    26
       260, 7/27/2012, 4:56:40,   1.012983E+01,   0:22:41.531,  9207,   0.000000E+00,   0:00:49.774,    27
       261, 7/27/2012, 4:56:45,   1.013863E+01,   0:22:46.574,  9215,   0.000000E+00,   0:00:49.774,    21
       262, 7/27/2012, 4:56:50,   1.011773E+01,   0:22:51.625,  9195,   0.000000E+00,   0:00:49.774,    23
       263, 7/27/2012, 4:56:55,   1.013423E+01,   0:22:56.666,  9212,   0.000000E+00,   0:00:49.774,    25
       264, 7/27/2012, 4:57:00,   1.013643E+01,   0:23:01.704,  9213,   0.000000E+00,   0:00:49.774,    27
       265, 7/27/2012, 4:57:05,   1.012763E+01,   0:23:06.742,  9205,   0.000000E+00,   0:00:49.774,    26
       266, 7/27/2012, 4:57:10,   1.012543E+01,   0:23:11.790,  9205,   0.000000E+00,   0:00:49.774,    26
       267, 7/27/2012, 4:57:15,   1.012543E+01,   0:23:16.833,  9203,   0.000000E+00,   0:00:49.774,    23
       268, 7/27/2012, 4:57:20,   1.013643E+01,   0:23:21.879,  9213,   0.000000E+00,   0:00:49.774,    17
       269, 7/27/2012, 4:57:25,   1.014633E+01,   0:23:26.920,  9222,   0.000000E+00,   0:00:49.774,    18
       270, 7/27/2012, 4:57:30,   1.013863E+01,   0:23:31.955,  9213,   0.000000E+00,   0:00:49.774,    25
       271, 7/27/2012, 5:04:44,   3.759490E+00,   0:23:43.226,  3417,   0.000000E+00,   0:00:51.103,    11
       272, 7/27/2012, 5:04:53,   3.675872E+00,   0:23:51.110,  3341,   0.000000E+00,   0:00:51.507,    28
       273, 7/27/2012, 5:04:58,   3.620860E+00,   0:23:56.150,  3291,   0.000000E+00,   0:00:51.507,    20
       274, 7/27/2012, 5:05:03,   3.562548E+00,   0:24:01.224,  3238,   0.000000E+00,   0:00:51.507,    26
       275, 7/27/2012, 5:05:08,   3.598856E+00,   0:24:06.262,  3270,   0.000000E+00,   0:00:51.507,    22
       276, 7/27/2012, 5:09:15,   3.872813E+00,   0:24:12.137,  3520,   0.000000E+00,   0:00:53.295,    25
       277, 7/27/2012, 5:09:20,   3.802398E+00,   0:24:17.177,  3456,   0.000000E+00,   0:00:53.295,    20
       278, 7/27/2012, 5:09:25,   3.751788E+00,   0:24:22.216,  3410,   0.000000E+00,   0:00:53.295,    23
       279, 7/27/2012, 5:09:30,   3.803499E+00,   0:24:27.257,  3457,   0.000000E+00,   0:00:53.295,    23
       280, 7/27/2012, 5:09:35,   3.748487E+00,   0:24:32.295,  3407,   0.000000E+00,   0:00:53.295,    26
       281, 7/27/2012, 5:09:40,   3.256684E+00,   0:24:37.342,  2960,   0.000000E+00,   0:00:53.295,    20
       282, 7/27/2012, 5:10:04,   3.917923E+00,   0:24:42.996,  3561,   0.000000E+00,   0:00:53.295,    15
       283, 7/27/2012, 5:10:09,   3.702277E+00,   0:24:48.035,  3365,   0.000000E+00,   0:00:53.295,    18
       284, 7/27/2012, 5:12:18,   3.669271E+00,   0:25:01.894,  3335,   0.000000E+00,   0:00:54.230,    18
       285, 7/27/2012, 5:28:46,   2.712070E+00,   0:25:09.468,  2465,   0.000000E+00,   0:00:58.490,    22
       286, 7/27/2012, 5:28:51,   3.141160E+00,   0:25:14.507,  2855,   0.000000E+00,   0:00:58.490,    27
       287, 7/27/2012, 5:28:56,   2.597646E+00,   0:25:19.550,  2358,   0.000000E+00,   0:00:58.490,    25
       288, 7/27/2012, 5:29:52,   3.788095E+00,   0:25:28.913,  3443,   0.000000E+00,   0:00:59.241,    37
       289, 7/27/2012, 5:29:57,   3.571350E+00,   0:25:33.952,  3246,   0.000000E+00,   0:00:59.241,    21
       290, 7/27/2012, 5:30:02,   3.286390E+00,   0:25:39.003,  2986,   0.000000E+00,   0:00:59.241,    25
       291, 7/27/2012, 5:30:07,   3.487732E+00,   0:25:44.043,  3170,   0.000000E+00,   0:00:59.241,    23
       292, 7/27/2012, 5:30:12,   2.179558E+00,   0:25:49.084,  1976,   0.000000E+00,   0:00:59.241,    30
       293, 7/27/2012, 5:32:46,   1.041149E+01,   0:25:54.897,  9463,   0.000000E+00,   0:01:00.889,    28
       294, 7/27/2012, 5:32:51,   1.049950E+01,   0:25:59.936,  9543,   0.000000E+00,   0:01:00.889,    21
       295, 7/27/2012, 5:32:56,   1.049180E+01,   0:26:05.050,  9536,   0.000000E+00,   0:01:00.889,    23
       296, 7/27/2012, 5:33:01,   1.063043E+01,   0:26:10.091,  9661,   0.000000E+00,   0:01:00.889,    22
       297, 7/27/2012, 5:33:06,   1.061723E+01,   0:26:15.133,  9650,   0.000000E+00,   0:01:00.889,    22
       298, 7/27/2012, 5:53:48,   9.821762E+00,   0:26:22.058,  8927,   0.000000E+00,   0:01:04.087,    32
       299, 7/27/2012, 5:53:53,   9.777754E+00,   0:26:27.098,  8887,   0.000000E+00,   0:01:04.087,    23
       300, 7/27/2012, 5:53:58,   9.789856E+00,   0:26:32.149,  8898,   0.000000E+00,   0:01:04.087,    20
       301, 7/27/2012, 5:54:03,   9.783255E+00,   0:26:37.187,  8892,   0.000000E+00,   0:01:04.087,    12
       302, 7/27/2012, 5:54:08,   9.783255E+00,   0:26:42.226,  8892,   0.000000E+00,   0:01:04.087,    18
       303, 7/27/2012, 5:54:13,   9.759049E+00,   0:26:47.266,  8870,   0.000000E+00,   0:01:04.087,    22
       304, 7/27/2012, 5:54:18,   9.753549E+00,   0:26:52.330,  8863,   0.000000E+00,   0:01:04.087,    25
       305, 7/27/2012, 5:54:23,   9.748047E+00,   0:26:57.378,  8860,   0.000000E+00,   0:01:04.087,    13
       306, 7/27/2012, 6:00:50,   1.054791E+01,   0:27:06.903,  9587,   0.000000E+00,   0:01:06.059,    25
       307, 7/27/2012, 6:00:55,   1.052481E+01,   0:27:11.941,  9566,   0.000000E+00,   0:01:06.059,    25
       308, 7/27/2012, 6:01:01,   1.051381E+01,   0:27:16.982,  9556,   0.000000E+00,   0:01:06.059,    16
       309, 7/27/2012, 6:01:06,   1.052041E+01,   0:27:22.032,  9562,   0.000000E+00,   0:01:06.059,    27
       310, 7/27/2012, 6:01:11,   1.170866E+01,   0:27:27.070, 10642,   0.000000E+00,   0:01:06.059,    21
       311, 7/27/2012, 6:01:16,   1.134338E+01,   0:27:32.109, 10310,   0.000000E+00,   0:01:06.059,    20
       312, 7/27/2012, 6:01:21,   1.163714E+01,   0:27:37.148, 10577,   0.000000E+00,   0:01:06.059,    26
       313, 7/27/2012, 6:01:26,   1.158763E+01,   0:27:42.197, 10532,   0.000000E+00,   0:01:06.059,    25
       314, 7/27/2012, 6:01:31,   1.051931E+01,   0:27:47.250,  9561,   0.000000E+00,   0:01:06.059,    23
       315, 7/27/2012, 6:01:36,   1.052701E+01,   0:27:52.289,  9568,   0.000000E+00,   0:01:06.059,    22
       316, 7/27/2012, 6:01:41,   1.051931E+01,   0:27:57.351,  9560,   0.000000E+00,   0:01:06.059,    22
       317, 7/27/2012, 6:01:46,   1.050501E+01,   0:28:02.388,  9548,   0.000000E+00,   0:01:06.059,    23
       318, 7/27/2012, 6:01:51,   1.051381E+01,   0:28:07.433,  9556,   0.000000E+00,   0:01:06.059,    25
       319, 7/27/2012, 6:01:56,   1.051271E+01,   0:28:12.504,  9555,   0.000000E+00,   0:01:06.059,    25
       320, 7/27/2012, 6:02:01,   1.049950E+01,   0:28:17.526,  9543,   0.000000E+00,   0:01:06.059,    23
       321, 7/27/2012, 6:02:06,   1.051491E+01,   0:28:22.545,  9557,   0.000000E+00,   0:01:06.059,    27
       322, 7/27/2012, 6:02:11,   1.050721E+01,   0:28:27.559,  9550,   0.000000E+00,   0:01:06.059,    22
       323, 7/27/2012, 6:02:16,   1.051601E+01,   0:28:32.593,  9557,   0.000000E+00,   0:01:06.059,    22
       324, 7/27/2012, 6:02:21,   1.051931E+01,   0:28:37.612,  9561,   0.000000E+00,   0:01:06.059,    20
       325, 7/27/2012, 6:02:26,   1.051931E+01,   0:28:42.630,  9561,   0.000000E+00,   0:01:06.059,    28
       326, 7/27/2012, 6:04:15,   1.035537E+01,   0:28:54.476,  9412,   0.000000E+00,   0:01:07.833,    30
       327, 7/27/2012, 6:04:20,   7.846848E+00,   0:28:59.496,  7132,   6.107206E-01,   0:01:07.899,   562
       328, 7/27/2012, 6:04:38,   1.010122E+01,   0:29:05.187,  9181,   0.000000E+00,   0:01:09.952,    30
