date,time,weight
29.09.2021,10:50:35,0.51
29.09.2021,10:50:36,0.51
29.09.2021,10:50:37,0.52
29.09.2021,10:50:38,0.52
29.09.2021,10:50:39,0.52
29.09.2021,10:50:40,0.52
29.09.2021,10:50:41,0.52
29.09.2021,10:50:42,0.52
29.09.2021,10:50:43,0.52
29.09.2021,10:50:44,0.51
29.09.2021,10:50:45,0.51
29.09.2021,10:50:46,0.52
29.09.2021,10:50:47,0.51
29.09.2021,10:50:48,0.51
29.09.2021,10:50:50,0.51
29.09.2021,10:50:51,0.52
29.09.2021,10:50:52,0.52
29.09.2021,10:50:53,0.52
29.09.2021,10:50:54,0.52
29.09.2021,10:50:55,0.52
29.09.2021,10:50:56,0.51
29.09.2021,10:50:57,0.51
29.09.2021,10:50:58,0.52
29.09.2021,10:50:59,0.52
29.09.2021,10:51:00,0.52
29.09.2021,10:51:01,0.51
29.09.2021,10:51:02,0.51
29.09.2021,10:51:03,0.51
29.09.2021,10:51:04,0.51
29.09.2021,10:51:05,0.51
29.09.2021,10:51:06,0.51
29.09.2021,10:51:07,0.51
29.09.2021,10:51:08,0.52
29.09.2021,10:51:09,0.51
29.09.2021,10:51:10,0.51
29.09.2021,10:51:11,0.52
29.09.2021,10:51:12,0.52
29.09.2021,10:51:13,0.52
29.09.2021,10:51:14,0.52
29.09.2021,10:51:15,0.52
29.09.2021,10:51:16,0.52
29.09.2021,10:51:17,0.52
29.09.2021,10:51:18,0.51
29.09.2021,10:51:19,0.51
29.09.2021,10:51:20,0.52
29.09.2021,10:51:21,0.52
29.09.2021,10:51:22,0.51
29.09.2021,10:51:24,0.51
29.09.2021,10:51:25,0.52
29.09.2021,10:51:26,0.52
29.09.2021,10:51:27,0.52
29.09.2021,10:51:28,0.52
29.09.2021,10:51:29,0.52
29.09.2021,10:51:30,0.52
29.09.2021,10:51:31,0.52
29.09.2021,10:51:32,0.52
29.09.2021,10:51:33,0.52
29.09.2021,10:51:34,0.52
29.09.2021,10:51:35,0.52
29.09.2021,10:51:36,0.52
29.09.2021,10:51:37,0.52
29.09.2021,10:51:38,0.52
29.09.2021,10:51:39,0.52
29.09.2021,10:51:40,0.52
29.09.2021,10:51:41,0.52
29.09.2021,10:51:42,0.52
29.09.2021,10:51:43,0.52
29.09.2021,10:51:44,0.52
29.09.2021,10:51:45,0.52
29.09.2021,10:51:46,0.52
29.09.2021,10:51:47,0.52
29.09.2021,10:51:48,0.52
29.09.2021,10:51:49,0.52
29.09.2021,10:51:50,0.52
29.09.2021,10:51:51,0.52
29.09.2021,10:51:52,0.52
29.09.2021,10:51:53,0.52
29.09.2021,10:51:54,0.52
29.09.2021,10:51:55,0.52
29.09.2021,10:51:57,0.52
29.09.2021,10:51:58,0.52
29.09.2021,10:51:59,0.52
29.09.2021,10:52:00,0.52
29.09.2021,10:52:01,0.52
29.09.2021,10:52:02,0.52
29.09.2021,10:52:03,0.52
29.09.2021,10:52:04,0.52
29.09.2021,10:52:05,0.52
29.09.2021,10:52:06,0.52
29.09.2021,10:52:07,0.52
29.09.2021,10:52:08,0.52
29.09.2021,10:52:09,0.52
29.09.2021,10:52:10,0.52
29.09.2021,10:52:11,0.52
29.09.2021,10:52:12,0.52
29.09.2021,10:52:13,0.52
29.09.2021,10:52:14,0.52
29.09.2021,10:52:15,0.52
29.09.2021,10:52:16,0.52
29.09.2021,10:52:17,0.52
29.09.2021,10:52:18,0.52
29.09.2021,10:52:19,0.52
29.09.2021,10:52:20,0.52
29.09.2021,10:52:21,0.52
29.09.2021,10:52:22,0.52
29.09.2021,10:52:23,0.52
29.09.2021,10:52:24,0.51
29.09.2021,10:52:25,0.51
29.09.2021,10:52:26,0.52
29.09.2021,10:52:27,0.52
29.09.2021,10:52:28,0.52
29.09.2021,10:52:29,0.52
29.09.2021,10:52:31,0.52
29.09.2021,10:52:32,0.52
29.09.2021,10:52:33,0.52
29.09.2021,10:52:34,0.52
29.09.2021,10:52:35,0.52
29.09.2021,10:52:36,0.52
29.09.2021,10:52:37,0.52
29.09.2021,10:52:38,0.52
29.09.2021,10:52:39,0.52
29.09.2021,10:52:40,0.52
29.09.2021,10:52:41,0.52
29.09.2021,10:52:42,0.52
29.09.2021,10:52:43,0.52
29.09.2021,10:52:44,0.52
29.09.2021,10:52:45,0.51
29.09.2021,10:52:46,0.52
29.09.2021,10:52:47,0.52
29.09.2021,10:52:48,0.52
29.09.2021,10:52:49,0.52
29.09.2021,10:52:50,0.51
29.09.2021,10:52:51,0.52
29.09.2021,10:52:52,0.51
29.09.2021,10:52:53,0.52
29.09.2021,10:52:54,0.52
29.09.2021,10:52:55,0.52
29.09.2021,10:52:56,0.52
29.09.2021,10:52:57,0.52
29.09.2021,10:52:58,0.52
29.09.2021,10:52:59,0.52
29.09.2021,10:53:00,0.52
29.09.2021,10:53:01,0.52
29.09.2021,10:53:02,0.52
29.09.2021,10:53:03,0.51
29.09.2021,10:53:05,0.51
29.09.2021,10:53:06,0.52
29.09.2021,10:53:07,0.52
29.09.2021,10:53:08,0.52
29.09.2021,10:53:09,0.51
29.09.2021,10:53:10,0.52
29.09.2021,10:53:11,0.52
29.09.2021,10:53:12,0.52
29.09.2021,10:53:13,0.52
29.09.2021,10:53:14,0.52
29.09.2021,10:53:15,0.52
29.09.2021,10:53:16,0.52
29.09.2021,10:53:17,0.52
29.09.2021,10:53:18,0.52
29.09.2021,10:53:19,0.52
29.09.2021,10:53:20,0.52
29.09.2021,10:53:21,0.52
29.09.2021,10:53:22,0.52
29.09.2021,10:53:23,0.52
29.09.2021,10:53:24,0.52
29.09.2021,10:53:25,0.52
29.09.2021,10:53:26,0.52
29.09.2021,10:53:27,0.51
29.09.2021,10:53:28,0.52
29.09.2021,10:53:29,0.52
29.09.2021,10:53:30,0.52
29.09.2021,10:53:31,0.52
29.09.2021,10:53:32,0.52
29.09.2021,10:53:33,0.52
29.09.2021,10:53:34,0.52
29.09.2021,10:53:35,0.52
29.09.2021,10:53:36,0.52
29.09.2021,10:53:38,0.51
29.09.2021,10:53:39,0.52
29.09.2021,10:53:40,0.52
29.09.2021,10:53:41,0.52
29.09.2021,10:53:42,0.51
29.09.2021,10:53:43,0.52
29.09.2021,10:53:44,0.52
29.09.2021,10:53:45,0.52
29.09.2021,10:53:46,0.52
29.09.2021,10:53:47,0.52
29.09.2021,10:53:48,0.52
29.09.2021,10:53:49,0.52
29.09.2021,10:53:50,0.52
29.09.2021,10:53:51,0.51
29.09.2021,10:53:52,0.52
29.09.2021,10:53:53,0.52
29.09.2021,10:53:54,0.52
29.09.2021,10:53:55,0.52
29.09.2021,10:53:56,0.52
29.09.2021,10:53:57,0.52
29.09.2021,10:53:58,0.52
29.09.2021,10:53:59,0.52
29.09.2021,10:54:00,0.52
29.09.2021,10:54:01,0.52
29.09.2021,10:54:02,0.52
29.09.2021,10:54:03,0.52
29.09.2021,10:54:04,0.52
29.09.2021,10:54:05,0.52
29.09.2021,10:54:06,0.52
29.09.2021,10:54:07,0.52
29.09.2021,10:54:08,0.52
29.09.2021,10:54:09,0.52
29.09.2021,10:54:10,0.52
29.09.2021,10:54:12,0.52
29.09.2021,10:54:13,0.52
29.09.2021,10:54:14,0.52
29.09.2021,10:54:15,0.52
29.09.2021,10:54:16,0.52
29.09.2021,10:54:17,0.52
29.09.2021,10:54:18,0.52
29.09.2021,10:54:19,0.52
29.09.2021,10:54:20,0.52
29.09.2021,10:54:21,0.51
29.09.2021,10:54:22,0.52
29.09.2021,10:54:23,0.52
29.09.2021,10:54:24,0.52
29.09.2021,10:54:25,0.52
29.09.2021,10:54:26,0.52
29.09.2021,10:54:27,0.52
29.09.2021,10:54:28,0.52
29.09.2021,10:54:29,0.52
29.09.2021,10:54:30,0.52
29.09.2021,10:54:31,0.52
29.09.2021,10:54:32,0.52
29.09.2021,10:54:33,0.52
29.09.2021,10:54:34,0.52
29.09.2021,10:54:35,0.52
29.09.2021,10:54:36,0.52
29.09.2021,10:54:37,0.52
29.09.2021,10:54:38,0.52
29.09.2021,10:54:39,0.52
29.09.2021,10:54:40,0.52
29.09.2021,10:54:41,0.52
29.09.2021,10:54:42,0.52
29.09.2021,10:54:43,0.52
29.09.2021,10:54:45,0.52
29.09.2021,10:54:46,0.52
29.09.2021,10:54:47,0.52
29.09.2021,10:54:48,0.52
29.09.2021,10:54:49,0.52
29.09.2021,10:54:50,0.52
29.09.2021,10:54:51,0.52
29.09.2021,10:54:52,0.52
29.09.2021,10:54:53,0.52
29.09.2021,10:54:54,0.51
29.09.2021,10:54:55,0.51
29.09.2021,10:54:56,0.52
29.09.2021,10:54:57,0.52
29.09.2021,10:54:58,0.52
29.09.2021,10:54:59,0.52
29.09.2021,10:55:00,0.52
29.09.2021,10:55:01,0.52
29.09.2021,10:55:02,0.52
29.09.2021,10:55:03,0.52
29.09.2021,10:55:04,0.52
29.09.2021,10:55:05,0.52
29.09.2021,10:55:06,0.52
29.09.2021,10:55:07,0.52
29.09.2021,10:55:08,0.52
29.09.2021,10:55:09,0.52
29.09.2021,10:55:10,0.52
29.09.2021,10:55:11,0.52
29.09.2021,10:55:12,0.52
29.09.2021,10:55:13,0.52
29.09.2021,10:55:14,0.52
29.09.2021,10:55:15,0.52
29.09.2021,10:55:16,0.52
29.09.2021,10:55:17,0.52
29.09.2021,10:55:19,0.52
29.09.2021,10:55:20,0.52
29.09.2021,10:55:21,0.52
29.09.2021,10:55:22,0.52
29.09.2021,10:55:23,0.52
29.09.2021,10:55:24,0.52
29.09.2021,10:55:25,0.52
29.09.2021,10:55:26,0.52
29.09.2021,10:55:27,0.52
29.09.2021,10:55:28,0.52
29.09.2021,10:55:29,0.52
29.09.2021,10:55:30,0.52
29.09.2021,10:55:31,0.52
29.09.2021,10:55:32,0.52
29.09.2021,10:55:33,0.52
29.09.2021,10:55:34,0.52
29.09.2021,10:55:35,0.52
29.09.2021,10:55:36,0.51
29.09.2021,10:55:37,0.51
29.09.2021,10:55:38,0.51
29.09.2021,10:55:39,0.52
29.09.2021,10:55:40,0.52
29.09.2021,10:55:41,0.52
29.09.2021,10:55:42,0.52
29.09.2021,10:55:43,0.52
29.09.2021,10:55:44,0.52
29.09.2021,10:55:45,0.52
29.09.2021,10:55:46,0.52
29.09.2021,10:55:47,0.52
29.09.2021,10:55:48,0.52
29.09.2021,10:55:49,0.52
29.09.2021,10:55:50,0.52
29.09.2021,10:55:51,0.52
29.09.2021,10:55:53,0.52
29.09.2021,10:55:54,0.52
29.09.2021,10:55:55,0.52
29.09.2021,10:55:56,0.52
29.09.2021,10:55:57,0.52
29.09.2021,10:55:58,0.52
29.09.2021,10:55:59,0.52
29.09.2021,10:56:00,0.52
29.09.2021,10:56:01,0.52
29.09.2021,10:56:02,0.52
29.09.2021,10:56:03,0.52
29.09.2021,10:56:04,0.51
29.09.2021,10:56:05,0.52
29.09.2021,10:56:06,0.52
29.09.2021,10:56:07,0.52
29.09.2021,10:56:08,0.52
29.09.2021,10:56:09,0.52
29.09.2021,10:56:10,0.52
29.09.2021,10:56:11,0.52
29.09.2021,10:56:12,0.52
29.09.2021,10:56:13,0.52
29.09.2021,10:56:14,0.52
29.09.2021,10:56:15,0.52
29.09.2021,10:56:16,0.52
29.09.2021,10:56:17,0.52
29.09.2021,10:56:18,0.52
29.09.2021,10:56:19,0.52
29.09.2021,10:56:20,0.52
29.09.2021,10:56:21,0.52
29.09.2021,10:56:22,0.52
29.09.2021,10:56:23,0.52
29.09.2021,10:56:24,0.52
29.09.2021,10:56:26,0.52
29.09.2021,10:56:27,0.52
29.09.2021,10:56:28,0.52
29.09.2021,10:56:29,0.52
29.09.2021,10:56:30,0.52
29.09.2021,10:56:31,0.52
29.09.2021,10:56:32,0.52
29.09.2021,10:56:33,0.52
29.09.2021,10:56:34,0.51
29.09.2021,10:56:35,0.51
29.09.2021,10:56:36,0.52
29.09.2021,10:56:37,0.52
29.09.2021,10:56:38,0.52
29.09.2021,10:56:39,0.52
29.09.2021,10:56:40,0.52
29.09.2021,10:56:41,0.52
29.09.2021,10:56:42,0.52
29.09.2021,10:56:43,0.52
29.09.2021,10:56:44,0.52
29.09.2021,10:56:45,0.52
29.09.2021,10:56:46,0.52
29.09.2021,10:56:47,0.52
29.09.2021,10:56:48,0.52
29.09.2021,10:56:49,0.52
29.09.2021,10:56:50,0.51
29.09.2021,10:56:51,0.52
29.09.2021,10:56:52,0.52
29.09.2021,10:56:53,0.52
29.09.2021,10:56:54,0.52
29.09.2021,10:56:55,0.52
29.09.2021,10:56:56,0.52
29.09.2021,10:56:57,0.52
29.09.2021,10:56:58,0.52
29.09.2021,10:57:00,0.52
29.09.2021,10:57:01,0.52
29.09.2021,10:57:02,0.52
29.09.2021,10:57:03,0.52
29.09.2021,10:57:04,0.52
29.09.2021,10:57:05,0.52
29.09.2021,10:57:06,0.52
29.09.2021,10:57:07,0.52
29.09.2021,10:57:08,0.52
29.09.2021,10:57:09,0.52
29.09.2021,10:57:10,0.52
29.09.2021,10:57:11,0.52
29.09.2021,10:57:12,0.52
29.09.2021,10:57:13,0.51
29.09.2021,10:57:14,0.52
29.09.2021,10:57:15,0.52
29.09.2021,10:57:16,0.52
29.09.2021,10:57:17,0.52
29.09.2021,10:57:18,0.52
29.09.2021,10:57:19,0.52
29.09.2021,10:57:20,0.52
29.09.2021,10:57:21,0.52
29.09.2021,10:57:22,0.52
29.09.2021,10:57:23,0.52
29.09.2021,10:57:24,0.52
29.09.2021,10:57:25,0.52
29.09.2021,10:57:26,0.52
29.09.2021,10:57:27,0.52
29.09.2021,10:57:28,0.52
29.09.2021,10:57:29,0.52
29.09.2021,10:57:30,0.52
29.09.2021,10:57:31,0.52
29.09.2021,10:57:33,0.52
29.09.2021,10:57:34,0.52
29.09.2021,10:57:35,0.52
29.09.2021,10:57:36,0.52
29.09.2021,10:57:37,0.52
29.09.2021,10:57:38,0.52
29.09.2021,10:57:39,0.52
29.09.2021,10:57:40,0.52
29.09.2021,10:57:41,0.52
29.09.2021,10:57:42,0.52
29.09.2021,10:57:43,0.52
29.09.2021,10:57:44,0.52
29.09.2021,10:57:45,0.52
29.09.2021,10:57:46,0.52
29.09.2021,10:57:47,0.52
29.09.2021,10:57:48,0.52
29.09.2021,10:57:49,0.51
29.09.2021,10:57:50,0.52
29.09.2021,10:57:51,0.52
29.09.2021,10:57:52,0.52
29.09.2021,10:57:53,0.52
29.09.2021,10:57:54,0.52
29.09.2021,10:57:55,0.52
29.09.2021,10:57:56,0.52
29.09.2021,10:57:57,0.52
29.09.2021,10:57:58,0.51
29.09.2021,10:57:59,0.52
29.09.2021,10:58:00,0.52
29.09.2021,10:58:01,0.52
29.09.2021,10:58:02,0.52
29.09.2021,10:58:03,0.52
29.09.2021,10:58:04,0.52
29.09.2021,10:58:05,0.52
29.09.2021,10:58:07,0.52
29.09.2021,10:58:08,0.52
29.09.2021,10:58:09,0.52
29.09.2021,10:58:10,0.52
29.09.2021,10:58:11,0.52
29.09.2021,10:58:12,0.52
29.09.2021,10:58:13,0.52
29.09.2021,10:58:14,0.52
29.09.2021,10:58:15,0.52
29.09.2021,10:58:16,0.51
29.09.2021,10:58:17,0.51
29.09.2021,10:58:18,0.52
29.09.2021,10:58:19,0.52
29.09.2021,10:58:20,0.52
29.09.2021,10:58:21,0.52
29.09.2021,10:58:22,0.52
29.09.2021,10:58:23,0.52
29.09.2021,10:58:24,0.52
29.09.2021,10:58:25,0.52
29.09.2021,10:58:26,0.52
29.09.2021,10:58:27,0.52
29.09.2021,10:58:28,0.52
29.09.2021,10:58:29,0.52
29.09.2021,10:58:30,0.52
29.09.2021,10:58:31,0.52
29.09.2021,10:58:32,0.52
29.09.2021,10:58:33,0.52
29.09.2021,10:58:34,0.52
29.09.2021,10:58:35,0.52
29.09.2021,10:58:36,0.52
29.09.2021,10:58:37,0.52
29.09.2021,10:58:38,0.52
29.09.2021,10:58:39,0.52
29.09.2021,10:58:41,0.52
29.09.2021,10:58:42,0.52
29.09.2021,10:58:43,0.52
29.09.2021,10:58:44,0.52
29.09.2021,10:58:45,0.52
29.09.2021,10:58:46,0.52
29.09.2021,10:58:47,0.52
29.09.2021,10:58:48,0.52
29.09.2021,10:58:49,0.52
29.09.2021,10:58:50,0.52
29.09.2021,10:58:51,0.52
29.09.2021,10:58:52,0.52
29.09.2021,10:58:53,0.52
29.09.2021,10:58:54,0.52
29.09.2021,10:58:55,0.52
29.09.2021,10:58:56,0.52
29.09.2021,10:58:57,0.53
29.09.2021,10:58:58,0.53
29.09.2021,10:58:59,0.53
29.09.2021,10:59:00,0.53
29.09.2021,10:59:01,0.52
29.09.2021,10:59:02,0.52
29.09.2021,10:59:03,0.52
29.09.2021,10:59:04,0.52
29.09.2021,10:59:05,0.52
29.09.2021,10:59:06,0.52
29.09.2021,10:59:07,0.52
29.09.2021,10:59:08,0.52
29.09.2021,10:59:09,0.52
29.09.2021,10:59:10,0.52
29.09.2021,10:59:11,0.52
29.09.2021,10:59:12,0.52
29.09.2021,10:59:14,0.52
29.09.2021,10:59:15,0.52
29.09.2021,10:59:16,0.52
29.09.2021,10:59:17,0.52
29.09.2021,10:59:18,0.52
29.09.2021,10:59:19,0.52
29.09.2021,10:59:20,0.52
29.09.2021,10:59:21,0.52
29.09.2021,10:59:22,0.52
29.09.2021,10:59:23,0.52
29.09.2021,10:59:24,0.52
29.09.2021,10:59:25,0.52
29.09.2021,10:59:26,0.52
29.09.2021,10:59:27,0.52
29.09.2021,10:59:28,0.52
29.09.2021,10:59:29,0.52
29.09.2021,10:59:30,0.52
29.09.2021,10:59:31,0.52
29.09.2021,10:59:32,0.52
29.09.2021,10:59:33,0.52
29.09.2021,10:59:34,0.52
29.09.2021,10:59:35,0.52
29.09.2021,10:59:36,0.52
29.09.2021,10:59:37,0.52
29.09.2021,10:59:38,0.52
29.09.2021,10:59:39,0.52
29.09.2021,10:59:40,0.52
29.09.2021,10:59:41,0.52
29.09.2021,10:59:42,0.52
29.09.2021,10:59:43,0.52
29.09.2021,10:59:44,0.52
29.09.2021,10:59:45,0.52
29.09.2021,10:59:46,0.52
29.09.2021,10:59:48,0.52
29.09.2021,10:59:49,0.52
29.09.2021,10:59:50,0.52
29.09.2021,10:59:51,0.52
29.09.2021,10:59:52,0.52
29.09.2021,10:59:53,0.52
29.09.2021,10:59:54,0.52
29.09.2021,10:59:55,0.52
29.09.2021,10:59:56,0.52
29.09.2021,10:59:57,0.52
29.09.2021,10:59:58,0.52
29.09.2021,10:59:59,0.52
29.09.2021,11:00:00,0.52
29.09.2021,11:00:01,0.52
29.09.2021,11:00:02,0.52
29.09.2021,11:00:03,0.52
29.09.2021,11:00:04,0.52
29.09.2021,11:00:05,0.52
29.09.2021,11:00:06,0.52
29.09.2021,11:00:07,0.52
29.09.2021,11:00:08,0.52
29.09.2021,11:00:09,0.52
29.09.2021,11:00:10,0.52
29.09.2021,11:00:11,0.52
29.09.2021,11:00:12,0.52
29.09.2021,11:00:13,0.52
29.09.2021,11:00:14,0.52
29.09.2021,11:00:15,0.52
29.09.2021,11:00:16,0.52
29.09.2021,11:00:17,0.52
29.09.2021,11:00:18,0.52
29.09.2021,11:00:19,0.52
29.09.2021,11:00:21,0.52
29.09.2021,11:00:22,0.52
29.09.2021,11:00:23,0.52
29.09.2021,11:00:24,0.52
29.09.2021,11:00:25,0.52
29.09.2021,11:00:26,0.52
29.09.2021,11:00:27,0.52
29.09.2021,11:00:28,0.52
29.09.2021,11:00:29,0.52
29.09.2021,11:00:30,0.52
29.09.2021,11:00:31,0.52
29.09.2021,11:00:32,0.52
29.09.2021,11:00:33,0.52
29.09.2021,11:00:34,0.52
29.09.2021,11:00:35,0.52
29.09.2021,11:00:36,0.52
29.09.2021,11:00:37,0.52
29.09.2021,11:00:38,0.52
29.09.2021,11:00:39,0.52
29.09.2021,11:00:40,0.52
29.09.2021,11:00:41,0.52
29.09.2021,11:00:42,0.52
29.09.2021,11:00:43,0.52
29.09.2021,11:00:44,0.52
29.09.2021,11:00:45,0.52
29.09.2021,11:00:46,0.52
29.09.2021,11:00:47,0.52
29.09.2021,11:00:48,0.52
29.09.2021,11:00:49,0.52
29.09.2021,11:00:50,0.52
29.09.2021,11:00:51,0.52
29.09.2021,11:00:52,0.52
29.09.2021,11:00:53,0.52
29.09.2021,11:00:55,0.52
29.09.2021,11:00:56,0.52
29.09.2021,11:00:57,0.52
29.09.2021,11:00:58,0.52
29.09.2021,11:00:59,0.52
29.09.2021,11:01:00,0.52
29.09.2021,11:01:01,0.52
29.09.2021,11:01:02,0.52
29.09.2021,11:01:03,0.52
29.09.2021,11:01:04,0.52
29.09.2021,11:01:05,0.52
29.09.2021,11:01:06,0.52
29.09.2021,11:01:07,0.52
29.09.2021,11:01:08,0.52
29.09.2021,11:01:09,0.52
29.09.2021,11:01:10,0.52
29.09.2021,11:01:11,0.52
29.09.2021,11:01:12,0.52
29.09.2021,11:01:13,0.52
29.09.2021,11:01:14,0.52
29.09.2021,11:01:15,0.52
29.09.2021,11:01:16,0.52
29.09.2021,11:01:17,0.52
29.09.2021,11:01:18,0.52
29.09.2021,11:01:19,0.52
29.09.2021,11:01:20,0.52
29.09.2021,11:01:21,0.52
29.09.2021,11:01:22,0.52
29.09.2021,11:01:23,0.52
29.09.2021,11:01:24,0.52
29.09.2021,11:01:25,0.52
29.09.2021,11:01:26,0.52
29.09.2021,11:01:27,0.52
29.09.2021,11:01:29,0.52
29.09.2021,11:01:30,0.52
29.09.2021,11:01:31,0.52
29.09.2021,11:01:32,0.52
29.09.2021,11:01:33,0.52
29.09.2021,11:01:34,0.52
29.09.2021,11:01:35,0.52
29.09.2021,11:01:36,0.52
29.09.2021,11:01:37,0.52
29.09.2021,11:01:38,0.52
29.09.2021,11:01:39,0.52
29.09.2021,11:01:40,0.52
29.09.2021,11:01:41,0.52
29.09.2021,11:01:42,0.52
29.09.2021,11:01:43,0.52
29.09.2021,11:01:44,0.52
29.09.2021,11:01:45,0.52
29.09.2021,11:01:46,0.52
29.09.2021,11:01:47,0.52
29.09.2021,11:01:48,0.52
29.09.2021,11:01:49,0.52
29.09.2021,11:01:50,0.52
29.09.2021,11:01:51,0.52
29.09.2021,11:01:52,0.52
29.09.2021,11:01:53,0.52
29.09.2021,11:01:54,0.52
29.09.2021,11:01:55,0.52
29.09.2021,11:01:56,0.52
29.09.2021,11:01:57,0.52
29.09.2021,11:01:58,0.52
29.09.2021,11:01:59,0.52
29.09.2021,11:02:00,0.52
29.09.2021,11:02:02,0.52
29.09.2021,11:02:03,0.52
29.09.2021,11:02:04,0.52
29.09.2021,11:02:05,0.52
29.09.2021,11:02:06,0.52
29.09.2021,11:02:07,0.52
29.09.2021,11:02:08,0.52
29.09.2021,11:02:09,0.52
29.09.2021,11:02:10,0.52
29.09.2021,11:02:11,0.52
29.09.2021,11:02:12,0.52
29.09.2021,11:02:13,0.52
29.09.2021,11:02:14,0.52
29.09.2021,11:02:15,0.52
29.09.2021,11:02:16,0.52
29.09.2021,11:02:17,0.52
29.09.2021,11:02:18,0.52
29.09.2021,11:02:19,0.52
29.09.2021,11:02:20,0.52
29.09.2021,11:02:21,0.52
29.09.2021,11:02:22,0.52
29.09.2021,11:02:23,0.52
29.09.2021,11:02:24,0.52
29.09.2021,11:02:25,0.52
29.09.2021,11:02:26,0.52
29.09.2021,11:02:27,0.52
29.09.2021,11:02:28,0.52
29.09.2021,11:02:29,0.52
29.09.2021,11:02:30,0.52
29.09.2021,11:02:31,0.52
29.09.2021,11:02:32,0.52
29.09.2021,11:02:33,0.52
29.09.2021,11:02:34,0.52
29.09.2021,11:02:36,0.52
29.09.2021,11:02:37,0.52
29.09.2021,11:02:38,0.52
29.09.2021,11:02:39,0.52
29.09.2021,11:02:40,0.52
29.09.2021,11:02:41,0.52
29.09.2021,11:02:42,0.53
29.09.2021,11:02:43,0.54
29.09.2021,11:02:44,0.55
29.09.2021,11:02:45,0.57
29.09.2021,11:02:46,0.58
29.09.2021,11:02:47,0.59
29.09.2021,11:02:48,0.6
29.09.2021,11:02:49,0.61
29.09.2021,11:02:50,0.62
29.09.2021,11:02:51,0.64
29.09.2021,11:02:52,0.64
29.09.2021,11:02:53,0.65
29.09.2021,11:02:54,0.65
29.09.2021,11:02:55,0.65
29.09.2021,11:02:56,0.66
29.09.2021,11:02:57,0.66
29.09.2021,11:02:58,0.66
29.09.2021,11:02:59,0.66
29.09.2021,11:03:00,0.66
29.09.2021,11:03:01,0.66
29.09.2021,11:03:02,0.66
29.09.2021,11:03:03,0.66
29.09.2021,11:03:04,0.66
29.09.2021,11:03:05,0.66
29.09.2021,11:03:06,0.66
29.09.2021,11:03:07,0.66
29.09.2021,11:03:08,0.66
29.09.2021,11:03:10,0.66
29.09.2021,11:03:11,0.66
29.09.2021,11:03:12,0.66
29.09.2021,11:03:13,0.66
29.09.2021,11:03:14,0.66
29.09.2021,11:03:15,0.66
29.09.2021,11:03:16,0.66
29.09.2021,11:03:17,0.66
29.09.2021,11:03:18,0.66
29.09.2021,11:03:19,0.66
29.09.2021,11:03:20,0.66
29.09.2021,11:03:21,0.66
29.09.2021,11:03:22,0.66
29.09.2021,11:03:23,0.66
29.09.2021,11:03:24,0.66
29.09.2021,11:03:25,0.66
29.09.2021,11:03:26,0.66
29.09.2021,11:03:27,0.66
29.09.2021,11:03:28,0.66
29.09.2021,11:03:29,0.66
29.09.2021,11:03:30,0.66
29.09.2021,11:03:31,0.66
29.09.2021,11:03:32,0.66
29.09.2021,11:03:33,0.66
29.09.2021,11:03:34,0.66
29.09.2021,11:03:35,0.66
29.09.2021,11:03:36,0.66
29.09.2021,11:03:37,0.66
29.09.2021,11:03:38,0.66
29.09.2021,11:03:39,0.66
29.09.2021,11:03:40,0.66
29.09.2021,11:03:41,0.66
29.09.2021,11:03:43,0.66
29.09.2021,11:03:44,0.66
29.09.2021,11:03:45,0.66
29.09.2021,11:03:46,0.66
29.09.2021,11:03:47,0.66
29.09.2021,11:03:48,0.66
29.09.2021,11:03:49,0.66
29.09.2021,11:03:50,0.66
29.09.2021,11:03:51,0.66
29.09.2021,11:03:52,0.66
29.09.2021,11:03:53,0.66
29.09.2021,11:03:54,0.66
29.09.2021,11:03:55,0.66
29.09.2021,11:03:56,0.66
29.09.2021,11:03:57,0.66
29.09.2021,11:03:58,0.66
29.09.2021,11:03:59,0.66
29.09.2021,11:04:00,0.66
29.09.2021,11:04:01,0.66
29.09.2021,11:04:02,0.66
29.09.2021,11:04:03,0.66
29.09.2021,11:04:04,0.66
29.09.2021,11:04:05,0.66
29.09.2021,11:04:06,0.66
29.09.2021,11:04:07,0.66
29.09.2021,11:04:08,0.66
29.09.2021,11:04:09,0.66
29.09.2021,11:04:10,0.66
29.09.2021,11:04:11,0.66
29.09.2021,11:04:12,0.66
29.09.2021,11:04:13,0.66
29.09.2021,11:04:14,0.66
29.09.2021,11:04:15,0.66
29.09.2021,11:04:17,0.66
29.09.2021,11:04:18,0.66
29.09.2021,11:04:19,0.66
29.09.2021,11:04:20,0.66
29.09.2021,11:04:21,0.66
29.09.2021,11:04:22,0.66
29.09.2021,11:04:23,0.66
29.09.2021,11:04:24,0.66
29.09.2021,11:04:25,0.66
29.09.2021,11:04:26,0.66
29.09.2021,11:04:27,0.66
29.09.2021,11:04:28,0.66
29.09.2021,11:04:29,0.66
29.09.2021,11:04:30,0.66
29.09.2021,11:04:31,0.66
29.09.2021,11:04:32,0.67
29.09.2021,11:04:33,0.67
29.09.2021,11:04:34,0.67
29.09.2021,11:04:35,0.67
29.09.2021,11:04:36,0.67
29.09.2021,11:04:37,0.67
29.09.2021,11:04:38,0.67
29.09.2021,11:04:39,0.67
29.09.2021,11:04:40,0.67
29.09.2021,11:04:41,0.67
29.09.2021,11:04:42,0.67
29.09.2021,11:04:43,0.67
29.09.2021,11:04:44,0.67
29.09.2021,11:04:45,0.67
29.09.2021,11:04:46,0.67
29.09.2021,11:04:47,0.67
29.09.2021,11:04:48,0.67
29.09.2021,11:04:50,0.67
29.09.2021,11:04:51,0.67
29.09.2021,11:04:52,0.67
29.09.2021,11:04:53,0.67
29.09.2021,11:04:54,0.67
29.09.2021,11:04:55,0.67
29.09.2021,11:04:56,0.67
29.09.2021,11:04:57,0.67
29.09.2021,11:04:58,0.67
29.09.2021,11:04:59,0.67
29.09.2021,11:05:00,0.67
29.09.2021,11:05:01,0.67
29.09.2021,11:05:02,0.67
29.09.2021,11:05:03,0.67
29.09.2021,11:05:04,0.67
29.09.2021,11:05:05,0.67
29.09.2021,11:05:06,0.67
29.09.2021,11:05:07,0.67
29.09.2021,11:05:08,0.67
29.09.2021,11:05:09,0.67
29.09.2021,11:05:10,0.67
29.09.2021,11:05:11,0.67
29.09.2021,11:05:12,0.67
29.09.2021,11:05:13,0.67
29.09.2021,11:05:14,0.67
29.09.2021,11:05:15,0.67
29.09.2021,11:05:16,0.67
29.09.2021,11:05:17,0.67
29.09.2021,11:05:18,0.67
29.09.2021,11:05:19,0.67
29.09.2021,11:05:20,0.67
29.09.2021,11:05:21,0.67
29.09.2021,11:05:22,0.67
29.09.2021,11:05:24,0.67
29.09.2021,11:05:25,0.67
29.09.2021,11:05:26,0.67
29.09.2021,11:05:27,0.67
29.09.2021,11:05:28,0.67
29.09.2021,11:05:29,0.67
29.09.2021,11:05:30,0.67
29.09.2021,11:05:31,0.67
29.09.2021,11:05:32,0.67
29.09.2021,11:05:33,0.67
29.09.2021,11:05:34,0.67
29.09.2021,11:05:35,0.68
29.09.2021,11:05:36,0.69
29.09.2021,11:05:37,0.71
29.09.2021,11:05:38,0.73
29.09.2021,11:05:39,0.75
29.09.2021,11:05:40,0.77
29.09.2021,11:05:41,0.79
29.09.2021,11:05:42,0.79
29.09.2021,11:05:43,0.8
29.09.2021,11:05:44,0.81
29.09.2021,11:05:45,0.81
29.09.2021,11:05:46,0.81
29.09.2021,11:05:47,0.82
29.09.2021,11:05:48,0.82
29.09.2021,11:05:49,0.82
29.09.2021,11:05:50,0.82
29.09.2021,11:05:51,0.82
29.09.2021,11:05:52,0.82
29.09.2021,11:05:53,0.82
29.09.2021,11:05:54,0.82
29.09.2021,11:05:55,0.82
29.09.2021,11:05:56,0.82
29.09.2021,11:05:58,0.82
29.09.2021,11:05:59,0.82
29.09.2021,11:06:00,0.82
29.09.2021,11:06:01,0.82
29.09.2021,11:06:02,0.82
29.09.2021,11:06:03,0.82
29.09.2021,11:06:04,0.82
29.09.2021,11:06:05,0.82
29.09.2021,11:06:06,0.82
29.09.2021,11:06:07,0.82
29.09.2021,11:06:08,0.82
29.09.2021,11:06:09,0.82
29.09.2021,11:06:10,0.82
29.09.2021,11:06:11,0.82
29.09.2021,11:06:12,0.82
29.09.2021,11:06:13,0.82
29.09.2021,11:06:14,0.82
29.09.2021,11:06:15,0.83
29.09.2021,11:06:16,0.83
29.09.2021,11:06:17,0.83
29.09.2021,11:06:18,0.83
29.09.2021,11:06:19,0.83
29.09.2021,11:06:20,0.83
29.09.2021,11:06:21,0.83
29.09.2021,11:06:22,0.83
29.09.2021,11:06:23,0.83
29.09.2021,11:06:24,0.83
29.09.2021,11:06:25,0.83
29.09.2021,11:06:26,0.83
29.09.2021,11:06:27,0.83
29.09.2021,11:06:28,0.83
29.09.2021,11:06:29,0.83
29.09.2021,11:06:31,0.83
29.09.2021,11:06:32,0.83
29.09.2021,11:06:33,0.83
29.09.2021,11:06:34,0.83
29.09.2021,11:06:35,0.83
29.09.2021,11:06:36,0.83
29.09.2021,11:06:37,0.83
29.09.2021,11:06:38,0.83
29.09.2021,11:06:39,0.83
29.09.2021,11:06:40,0.83
29.09.2021,11:06:41,0.83
29.09.2021,11:06:42,0.83
29.09.2021,11:06:43,0.83
29.09.2021,11:06:44,0.83
29.09.2021,11:06:45,0.83
29.09.2021,11:06:46,0.83
29.09.2021,11:06:47,0.83
29.09.2021,11:06:48,0.83
29.09.2021,11:06:49,0.83
29.09.2021,11:06:50,0.83
29.09.2021,11:06:51,0.83
29.09.2021,11:06:52,0.83
29.09.2021,11:06:53,0.83
29.09.2021,11:06:54,0.83
29.09.2021,11:06:55,0.83
29.09.2021,11:06:56,0.83
29.09.2021,11:06:57,0.83
29.09.2021,11:06:58,0.83
29.09.2021,11:06:59,0.83
29.09.2021,11:07:00,0.83
29.09.2021,11:07:01,0.83
29.09.2021,11:07:02,0.83
29.09.2021,11:07:03,0.83
29.09.2021,11:07:05,0.83
29.09.2021,11:07:06,0.83
29.09.2021,11:07:07,0.83
29.09.2021,11:07:08,0.83
29.09.2021,11:07:09,0.83
29.09.2021,11:07:10,0.83
29.09.2021,11:07:11,0.83
29.09.2021,11:07:12,0.83
29.09.2021,11:07:13,0.83
29.09.2021,11:07:14,0.83
29.09.2021,11:07:15,0.83
29.09.2021,11:07:16,0.83
29.09.2021,11:07:17,0.83
29.09.2021,11:07:18,0.83
29.09.2021,11:07:19,0.83
29.09.2021,11:07:20,0.83
29.09.2021,11:07:21,0.83
29.09.2021,11:07:22,0.83
29.09.2021,11:07:23,0.83
29.09.2021,11:07:24,0.83
29.09.2021,11:07:25,0.83
29.09.2021,11:07:26,0.83
29.09.2021,11:07:27,0.83
29.09.2021,11:07:28,0.83
29.09.2021,11:07:29,0.83
29.09.2021,11:07:30,0.83
29.09.2021,11:07:31,0.83
29.09.2021,11:07:32,0.83
29.09.2021,11:07:33,0.83
29.09.2021,11:07:34,0.83
29.09.2021,11:07:35,0.83
29.09.2021,11:07:36,0.83
29.09.2021,11:07:38,0.83
29.09.2021,11:07:39,0.83
29.09.2021,11:07:40,0.83
29.09.2021,11:07:41,0.83
29.09.2021,11:07:42,0.83
29.09.2021,11:07:43,0.83
29.09.2021,11:07:44,0.83
29.09.2021,11:07:45,0.83
29.09.2021,11:07:46,0.83
29.09.2021,11:07:47,0.83
29.09.2021,11:07:48,0.83
29.09.2021,11:07:49,0.83
29.09.2021,11:07:50,0.83
29.09.2021,11:07:51,0.83
29.09.2021,11:07:52,0.83
29.09.2021,11:07:53,0.83
29.09.2021,11:07:54,0.83
29.09.2021,11:07:55,0.83
29.09.2021,11:07:56,0.83
29.09.2021,11:07:57,0.83
29.09.2021,11:07:58,0.83
29.09.2021,11:07:59,0.83
29.09.2021,11:08:00,0.83
29.09.2021,11:08:01,0.83
29.09.2021,11:08:02,0.83
29.09.2021,11:08:03,0.83
29.09.2021,11:08:04,0.83
29.09.2021,11:08:05,0.83
29.09.2021,11:08:06,0.83
29.09.2021,11:08:07,0.83
29.09.2021,11:08:08,0.83
29.09.2021,11:08:09,0.83
29.09.2021,11:08:10,0.83
29.09.2021,11:08:12,0.83
29.09.2021,11:08:13,0.83
29.09.2021,11:08:14,0.83
29.09.2021,11:08:15,0.83
29.09.2021,11:08:16,0.83
29.09.2021,11:08:17,0.83
29.09.2021,11:08:18,0.83
29.09.2021,11:08:19,0.83
29.09.2021,11:08:20,0.83
29.09.2021,11:08:21,0.83
29.09.2021,11:08:22,0.83
29.09.2021,11:08:23,0.83
29.09.2021,11:08:24,0.83
29.09.2021,11:08:25,0.83
29.09.2021,11:08:26,0.83
29.09.2021,11:08:27,0.83
29.09.2021,11:08:28,0.83
29.09.2021,11:08:29,0.83
29.09.2021,11:08:30,0.83
29.09.2021,11:08:31,0.83
29.09.2021,11:08:32,0.83
29.09.2021,11:08:33,0.83
29.09.2021,11:08:34,0.83
29.09.2021,11:08:35,0.83
29.09.2021,11:08:36,0.83
29.09.2021,11:08:37,0.83
29.09.2021,11:08:38,0.83
29.09.2021,11:08:39,0.83
29.09.2021,11:08:40,0.83
29.09.2021,11:08:41,0.83
29.09.2021,11:08:42,0.83
29.09.2021,11:08:43,0.83
29.09.2021,11:08:45,0.83
29.09.2021,11:08:46,0.83
29.09.2021,11:08:47,0.83
29.09.2021,11:08:48,0.83
29.09.2021,11:08:49,0.83
29.09.2021,11:08:50,0.83
29.09.2021,11:08:51,0.83
29.09.2021,11:08:52,0.83
29.09.2021,11:08:53,0.83
29.09.2021,11:08:54,0.83
29.09.2021,11:08:55,0.83
29.09.2021,11:08:56,0.83
29.09.2021,11:08:57,0.83
29.09.2021,11:08:58,0.83
29.09.2021,11:08:59,0.83
29.09.2021,11:09:00,0.83
29.09.2021,11:09:01,0.83
29.09.2021,11:09:02,0.83
29.09.2021,11:09:03,0.83
29.09.2021,11:09:04,0.83
29.09.2021,11:09:05,0.83
29.09.2021,11:09:06,0.83
29.09.2021,11:09:07,0.83
29.09.2021,11:09:08,0.83
29.09.2021,11:09:09,0.83
29.09.2021,11:09:10,0.83
29.09.2021,11:09:11,0.83
29.09.2021,11:09:12,0.83
29.09.2021,11:09:13,0.83
29.09.2021,11:09:14,0.83
29.09.2021,11:09:15,0.83
29.09.2021,11:09:16,0.83
29.09.2021,11:09:17,0.83
29.09.2021,11:09:19,0.83
29.09.2021,11:09:20,0.83
29.09.2021,11:09:21,0.83
29.09.2021,11:09:22,0.83
29.09.2021,11:09:23,0.83
29.09.2021,11:09:24,0.83
29.09.2021,11:09:25,0.83
29.09.2021,11:09:26,0.83
29.09.2021,11:09:27,0.83
29.09.2021,11:09:28,0.83
29.09.2021,11:09:29,0.83
29.09.2021,11:09:30,0.84
29.09.2021,11:09:31,0.85
29.09.2021,11:09:32,0.86
29.09.2021,11:09:33,0.87
29.09.2021,11:09:34,0.88
29.09.2021,11:09:35,0.88
29.09.2021,11:09:36,0.89
29.09.2021,11:09:37,0.9
29.09.2021,11:09:38,0.91
29.09.2021,11:09:39,0.92
29.09.2021,11:09:40,0.92
29.09.2021,11:09:41,0.93
29.09.2021,11:09:42,0.94
29.09.2021,11:09:43,0.94
29.09.2021,11:09:44,0.95
29.09.2021,11:09:45,0.96
29.09.2021,11:09:46,0.96
29.09.2021,11:09:47,0.97
29.09.2021,11:09:48,0.97
29.09.2021,11:09:49,0.97
29.09.2021,11:09:50,0.98
29.09.2021,11:09:51,0.98
29.09.2021,11:09:53,0.98
29.09.2021,11:09:54,0.98
29.09.2021,11:09:55,0.98
29.09.2021,11:09:56,0.98
29.09.2021,11:09:57,0.98
29.09.2021,11:09:58,0.98
29.09.2021,11:09:59,0.98
29.09.2021,11:10:00,0.98
29.09.2021,11:10:01,0.98
29.09.2021,11:10:02,0.98
29.09.2021,11:10:03,0.98
29.09.2021,11:10:04,0.98
29.09.2021,11:10:05,0.98
29.09.2021,11:10:06,0.98
29.09.2021,11:10:07,0.98
29.09.2021,11:10:08,0.98
29.09.2021,11:10:09,0.98
29.09.2021,11:10:10,0.98
29.09.2021,11:10:11,0.98
29.09.2021,11:10:12,0.98
29.09.2021,11:10:13,0.98
29.09.2021,11:10:14,0.98
29.09.2021,11:10:15,0.98
29.09.2021,11:10:16,0.98
29.09.2021,11:10:17,0.98
29.09.2021,11:10:18,0.98
29.09.2021,11:10:19,0.98
29.09.2021,11:10:20,0.98
29.09.2021,11:10:21,0.98
29.09.2021,11:10:22,0.98
29.09.2021,11:10:23,0.98
29.09.2021,11:10:24,0.98
29.09.2021,11:10:25,0.98
29.09.2021,11:10:27,0.98
29.09.2021,11:10:28,0.98
29.09.2021,11:10:29,0.98
29.09.2021,11:10:30,0.98
29.09.2021,11:10:31,0.98
29.09.2021,11:10:32,0.98
29.09.2021,11:10:33,0.98
29.09.2021,11:10:34,0.98
29.09.2021,11:10:35,0.98
29.09.2021,11:10:36,0.98
29.09.2021,11:10:37,0.98
29.09.2021,11:10:38,0.98
29.09.2021,11:10:39,0.98
29.09.2021,11:10:40,0.98
29.09.2021,11:10:41,0.98
29.09.2021,11:10:42,0.98
29.09.2021,11:10:43,0.98
29.09.2021,11:10:44,0.98
29.09.2021,11:10:45,0.98
29.09.2021,11:10:46,0.98
29.09.2021,11:10:47,0.98
29.09.2021,11:10:48,0.98
29.09.2021,11:10:49,0.98
29.09.2021,11:10:50,0.98
29.09.2021,11:10:51,0.98
29.09.2021,11:10:52,0.98
29.09.2021,11:10:53,0.98
29.09.2021,11:10:54,0.98
29.09.2021,11:10:55,0.98
29.09.2021,11:10:56,0.98
29.09.2021,11:10:57,0.98
29.09.2021,11:10:58,0.98
29.09.2021,11:11:00,0.98
29.09.2021,11:11:01,0.98
29.09.2021,11:11:02,0.98
29.09.2021,11:11:03,0.98
29.09.2021,11:11:04,0.98
29.09.2021,11:11:05,0.98
29.09.2021,11:11:06,0.98
29.09.2021,11:11:07,0.98
29.09.2021,11:11:08,0.98
29.09.2021,11:11:09,0.98
29.09.2021,11:11:10,0.98
29.09.2021,11:11:11,0.98
29.09.2021,11:11:12,0.98
29.09.2021,11:11:13,0.98
29.09.2021,11:11:14,0.98
29.09.2021,11:11:15,0.98
29.09.2021,11:11:16,0.98
29.09.2021,11:11:17,0.98
29.09.2021,11:11:18,0.98
29.09.2021,11:11:19,0.98
29.09.2021,11:11:20,0.98
29.09.2021,11:11:21,0.98
29.09.2021,11:11:22,0.98
29.09.2021,11:11:23,0.98
29.09.2021,11:11:24,0.99
29.09.2021,11:11:25,0.99
29.09.2021,11:11:26,0.99
29.09.2021,11:11:27,0.99
29.09.2021,11:11:28,0.99
29.09.2021,11:11:29,0.99
29.09.2021,11:11:30,0.99
29.09.2021,11:11:31,0.99
29.09.2021,11:11:32,0.99
29.09.2021,11:11:34,0.99
29.09.2021,11:11:35,0.99
29.09.2021,11:11:36,0.99
29.09.2021,11:11:37,0.99
29.09.2021,11:11:38,0.99
29.09.2021,11:11:39,0.99
29.09.2021,11:11:40,0.99
29.09.2021,11:11:41,0.99
29.09.2021,11:11:42,0.99
29.09.2021,11:11:43,0.99
29.09.2021,11:11:44,0.99
29.09.2021,11:11:45,0.99
29.09.2021,11:11:46,0.99
29.09.2021,11:11:47,0.99
29.09.2021,11:11:48,0.99
29.09.2021,11:11:49,0.99
29.09.2021,11:11:50,0.99
29.09.2021,11:11:51,0.99
29.09.2021,11:11:52,0.99
29.09.2021,11:11:53,0.99
29.09.2021,11:11:54,0.99
29.09.2021,11:11:55,0.99
29.09.2021,11:11:56,0.99
29.09.2021,11:11:57,0.99
29.09.2021,11:11:58,0.99
29.09.2021,11:11:59,0.99
29.09.2021,11:12:00,0.99
29.09.2021,11:12:01,0.99
29.09.2021,11:12:02,0.99
29.09.2021,11:12:03,0.99
29.09.2021,11:12:04,0.99
29.09.2021,11:12:05,0.99
29.09.2021,11:12:07,0.99
29.09.2021,11:12:08,0.99
29.09.2021,11:12:09,0.99
29.09.2021,11:12:10,0.99
29.09.2021,11:12:11,0.99
29.09.2021,11:12:12,0.99
29.09.2021,11:12:13,1
29.09.2021,11:12:14,1
29.09.2021,11:12:15,1.01
29.09.2021,11:12:16,1.03
29.09.2021,11:12:17,1.03
29.09.2021,11:12:18,1.05
29.09.2021,11:12:19,1.05
29.09.2021,11:12:20,1.05
29.09.2021,11:12:21,1.07
29.09.2021,11:12:22,1.08
29.09.2021,11:12:23,1.09
29.09.2021,11:12:24,1.1
29.09.2021,11:12:25,1.11
29.09.2021,11:12:26,1.12
29.09.2021,11:12:27,1.13
29.09.2021,11:12:28,1.14
29.09.2021,11:12:29,1.15
29.09.2021,11:12:30,1.15
29.09.2021,11:12:31,1.16
29.09.2021,11:12:32,1.17
29.09.2021,11:12:33,1.18
29.09.2021,11:12:34,1.18
29.09.2021,11:12:35,1.18
29.09.2021,11:12:36,1.18
29.09.2021,11:12:37,1.18
29.09.2021,11:12:38,1.18
29.09.2021,11:12:39,1.18
29.09.2021,11:12:41,1.18
29.09.2021,11:12:42,1.18
29.09.2021,11:12:43,1.18
29.09.2021,11:12:44,1.18
29.09.2021,11:12:45,1.18
29.09.2021,11:12:46,1.18
29.09.2021,11:12:47,1.18
29.09.2021,11:12:48,1.18
29.09.2021,11:12:49,1.18
29.09.2021,11:12:50,1.19
29.09.2021,11:12:51,1.19
29.09.2021,11:12:52,1.19
29.09.2021,11:12:53,1.19
29.09.2021,11:12:54,1.19
29.09.2021,11:12:55,1.19
29.09.2021,11:12:56,1.19
29.09.2021,11:12:57,1.19
29.09.2021,11:12:58,1.19
29.09.2021,11:12:59,1.19
29.09.2021,11:13:00,1.19
29.09.2021,11:13:01,1.19
29.09.2021,11:13:02,1.19
29.09.2021,11:13:03,1.19
29.09.2021,11:13:04,1.19
29.09.2021,11:13:05,1.19
29.09.2021,11:13:06,1.19
29.09.2021,11:13:07,1.19
29.09.2021,11:13:08,1.19
29.09.2021,11:13:09,1.19
29.09.2021,11:13:10,1.19
29.09.2021,11:13:11,1.19
29.09.2021,11:13:12,1.19
29.09.2021,11:13:14,1.19
29.09.2021,11:13:15,1.19
29.09.2021,11:13:16,1.19
29.09.2021,11:13:17,1.19
29.09.2021,11:13:18,1.19
29.09.2021,11:13:19,1.19
29.09.2021,11:13:20,1.19
29.09.2021,11:13:21,1.19
29.09.2021,11:13:22,1.19
29.09.2021,11:13:23,1.19
29.09.2021,11:13:24,1.19
29.09.2021,11:13:25,1.19
29.09.2021,11:13:26,1.19
29.09.2021,11:13:27,1.19
29.09.2021,11:13:28,1.19
29.09.2021,11:13:29,1.19
29.09.2021,11:13:30,1.19
29.09.2021,11:13:31,1.19
29.09.2021,11:13:32,1.19
29.09.2021,11:13:33,1.19
29.09.2021,11:13:34,1.19
29.09.2021,11:13:35,1.19
29.09.2021,11:13:36,1.19
29.09.2021,11:13:37,1.19
29.09.2021,11:13:38,1.19
29.09.2021,11:13:39,1.19
29.09.2021,11:13:40,1.19
29.09.2021,11:13:41,1.19
29.09.2021,11:13:42,1.19
29.09.2021,11:13:43,1.19
29.09.2021,11:13:44,1.19
29.09.2021,11:13:45,1.19
29.09.2021,11:13:46,1.19
29.09.2021,11:13:48,1.19
29.09.2021,11:13:49,1.19
29.09.2021,11:13:50,1.19
29.09.2021,11:13:51,1.19
29.09.2021,11:13:52,1.19
29.09.2021,11:13:53,1.19
29.09.2021,11:13:54,1.19
29.09.2021,11:13:55,1.19
29.09.2021,11:13:56,1.19
29.09.2021,11:13:57,1.19
29.09.2021,11:13:58,1.19
29.09.2021,11:13:59,1.19
29.09.2021,11:14:00,1.19
29.09.2021,11:14:01,1.19
29.09.2021,11:14:02,1.19
29.09.2021,11:14:03,1.19
29.09.2021,11:14:04,1.19
29.09.2021,11:14:05,1.19
29.09.2021,11:14:06,1.19
29.09.2021,11:14:07,1.19
29.09.2021,11:14:08,1.19
29.09.2021,11:14:09,1.19
29.09.2021,11:14:10,1.19
29.09.2021,11:14:11,1.19
29.09.2021,11:14:12,1.19
29.09.2021,11:14:13,1.19
29.09.2021,11:14:14,1.19
29.09.2021,11:14:15,1.19
29.09.2021,11:14:16,1.19
29.09.2021,11:14:17,1.19
29.09.2021,11:14:18,1.19
29.09.2021,11:14:19,1.19
29.09.2021,11:14:20,1.19
29.09.2021,11:14:22,1.19
29.09.2021,11:14:23,1.19
29.09.2021,11:14:24,1.19
29.09.2021,11:14:25,1.19
29.09.2021,11:14:26,1.19
29.09.2021,11:14:27,1.19
29.09.2021,11:14:28,1.19
29.09.2021,11:14:29,1.19
29.09.2021,11:14:30,1.19
29.09.2021,11:14:31,1.19
29.09.2021,11:14:32,1.19
29.09.2021,11:14:33,1.19
29.09.2021,11:14:34,1.19
29.09.2021,11:14:35,1.19
29.09.2021,11:14:36,1.19
29.09.2021,11:14:37,1.19
29.09.2021,11:14:38,1.19
29.09.2021,11:14:39,1.19
29.09.2021,11:14:40,1.19
29.09.2021,11:14:41,1.19
29.09.2021,11:14:42,1.19
29.09.2021,11:14:43,1.19
29.09.2021,11:14:44,1.19
29.09.2021,11:14:45,1.19
29.09.2021,11:14:46,1.19
29.09.2021,11:14:47,1.19
29.09.2021,11:14:48,1.19
29.09.2021,11:14:49,1.19
29.09.2021,11:14:50,1.19
29.09.2021,11:14:51,1.19
29.09.2021,11:14:52,1.19
29.09.2021,11:14:53,1.19
29.09.2021,11:14:55,1.19
29.09.2021,11:14:56,1.19
29.09.2021,11:14:57,1.19
29.09.2021,11:14:58,1.19
29.09.2021,11:14:59,1.19
29.09.2021,11:15:00,1.19
29.09.2021,11:15:01,1.19
29.09.2021,11:15:02,1.19
29.09.2021,11:15:03,1.19
29.09.2021,11:15:04,1.19
29.09.2021,11:15:05,1.19
29.09.2021,11:15:06,1.19
29.09.2021,11:15:07,1.19
29.09.2021,11:15:08,1.19
29.09.2021,11:15:09,1.19
29.09.2021,11:15:10,1.19
29.09.2021,11:15:11,1.19
29.09.2021,11:15:12,1.19
29.09.2021,11:15:13,1.19
29.09.2021,11:15:14,1.19
29.09.2021,11:15:15,1.19
29.09.2021,11:15:16,1.19
29.09.2021,11:15:17,1.19
29.09.2021,11:15:18,1.19
29.09.2021,11:15:19,1.19
29.09.2021,11:15:20,1.19
29.09.2021,11:15:21,1.19
29.09.2021,11:15:22,1.19
29.09.2021,11:15:23,1.19